start_time,end_time,price_eur_per_mwh,zone,price_eur_per_kwh,hour_of_day,date,weekday
2023-12-06 00:00:00,2023-12-06 01:00:00,94.97,Austria,0.09497,0,2023-12-06,Wednesday
2023-12-06 01:00:00,2023-12-06 02:00:00,93.1,Austria,0.09309999999999999,1,2023-12-06,Wednesday
2023-12-06 02:00:00,2023-12-06 03:00:00,92.57,Austria,0.09257,2,2023-12-06,Wednesday
2023-12-06 03:00:00,2023-12-06 04:00:00,90.96,Austria,0.09096,3,2023-12-06,Wednesday
2023-12-06 04:00:00,2023-12-06 05:00:00,90.59,Austria,0.09059,4,2023-12-06,Wednesday
2023-12-06 05:00:00,2023-12-06 06:00:00,93.89,Austria,0.09389,5,2023-12-06,Wednesday
2023-12-06 06:00:00,2023-12-06 07:00:00,108.2,Austria,0.1082,6,2023-12-06,Wednesday
2023-12-06 07:00:00,2023-12-06 08:00:00,133.78,Austria,0.13378,7,2023-12-06,Wednesday
2023-12-06 08:00:00,2023-12-06 09:00:00,167.0,Austria,0.167,8,2023-12-06,Wednesday
2023-12-06 09:00:00,2023-12-06 10:00:00,166.54,Austria,0.16654,9,2023-12-06,Wednesday
2023-12-06 10:00:00,2023-12-06 11:00:00,150.0,Austria,0.15,10,2023-12-06,Wednesday
2023-12-06 11:00:00,2023-12-06 12:00:00,146.29,Austria,0.14629,11,2023-12-06,Wednesday
2023-12-06 12:00:00,2023-12-06 13:00:00,143.8,Austria,0.1438,12,2023-12-06,Wednesday
2023-12-06 13:00:00,2023-12-06 14:00:00,139.27,Austria,0.13927,13,2023-12-06,Wednesday
2023-12-06 14:00:00,2023-12-06 15:00:00,140.1,Austria,0.1401,14,2023-12-06,Wednesday
2023-12-06 15:00:00,2023-12-06 16:00:00,143.99,Austria,0.14399,15,2023-12-06,Wednesday
2023-12-06 16:00:00,2023-12-06 17:00:00,164.0,Austria,0.164,16,2023-12-06,Wednesday
2023-12-06 17:00:00,2023-12-06 18:00:00,178.07,Austria,0.17807,17,2023-12-06,Wednesday
2023-12-06 18:00:00,2023-12-06 19:00:00,165.28,Austria,0.16528,18,2023-12-06,Wednesday
2023-12-06 19:00:00,2023-12-06 20:00:00,149.93,Austria,0.14993,19,2023-12-06,Wednesday
2023-12-06 20:00:00,2023-12-06 21:00:00,129.91,Austria,0.12991,20,2023-12-06,Wednesday
2023-12-06 21:00:00,2023-12-06 22:00:00,115.68,Austria,0.11568,21,2023-12-06,Wednesday
2023-12-06 22:00:00,2023-12-06 23:00:00,107.33,Austria,0.10733,22,2023-12-06,Wednesday
2023-12-06 23:00:00,2023-12-07 00:00:00,100.44,Austria,0.10044,23,2023-12-06,Wednesday
2023-12-07 00:00:00,2023-12-07 01:00:00,99.2,Austria,0.0992,0,2023-12-07,Thursday
2023-12-07 01:00:00,2023-12-07 02:00:00,97.85,Austria,0.09784999999999999,1,2023-12-07,Thursday
2023-12-07 02:00:00,2023-12-07 03:00:00,96.86,Austria,0.09686,2,2023-12-07,Thursday
2023-12-07 03:00:00,2023-12-07 04:00:00,91.81,Austria,0.09181,3,2023-12-07,Thursday
2023-12-07 04:00:00,2023-12-07 05:00:00,89.92,Austria,0.08992,4,2023-12-07,Thursday
2023-12-07 05:00:00,2023-12-07 06:00:00,94.53,Austria,0.09453,5,2023-12-07,Thursday
2023-12-07 06:00:00,2023-12-07 07:00:00,114.91,Austria,0.11491,6,2023-12-07,Thursday
2023-12-07 07:00:00,2023-12-07 08:00:00,131.09,Austria,0.13109,7,2023-12-07,Thursday
2023-12-07 08:00:00,2023-12-07 09:00:00,150.0,Austria,0.15,8,2023-12-07,Thursday
2023-12-07 09:00:00,2023-12-07 10:00:00,137.7,Austria,0.1377,9,2023-12-07,Thursday
2023-12-07 10:00:00,2023-12-07 11:00:00,132.03,Austria,0.13203,10,2023-12-07,Thursday
2023-12-07 11:00:00,2023-12-07 12:00:00,131.3,Austria,0.1313,11,2023-12-07,Thursday
2023-12-07 12:00:00,2023-12-07 13:00:00,128.93,Austria,0.12893000000000002,12,2023-12-07,Thursday
2023-12-07 13:00:00,2023-12-07 14:00:00,131.34,Austria,0.13134,13,2023-12-07,Thursday
2023-12-07 14:00:00,2023-12-07 15:00:00,131.05,Austria,0.13105,14,2023-12-07,Thursday
2023-12-07 15:00:00,2023-12-07 16:00:00,131.69,Austria,0.13169,15,2023-12-07,Thursday
2023-12-07 16:00:00,2023-12-07 17:00:00,131.54,Austria,0.13154,16,2023-12-07,Thursday
2023-12-07 17:00:00,2023-12-07 18:00:00,131.96,Austria,0.13196000000000002,17,2023-12-07,Thursday
2023-12-07 18:00:00,2023-12-07 19:00:00,128.92,Austria,0.12891999999999998,18,2023-12-07,Thursday
2023-12-07 19:00:00,2023-12-07 20:00:00,117.18,Austria,0.11718,19,2023-12-07,Thursday
2023-12-07 20:00:00,2023-12-07 21:00:00,112.3,Austria,0.1123,20,2023-12-07,Thursday
2023-12-07 21:00:00,2023-12-07 22:00:00,105.93,Austria,0.10593000000000001,21,2023-12-07,Thursday
2023-12-07 22:00:00,2023-12-07 23:00:00,102.12,Austria,0.10212,22,2023-12-07,Thursday
2023-12-07 23:00:00,2023-12-08 00:00:00,87.08,Austria,0.08708,23,2023-12-07,Thursday
2023-12-08 00:00:00,2023-12-08 01:00:00,87.09,Austria,0.08709,0,2023-12-08,Friday
2023-12-08 01:00:00,2023-12-08 02:00:00,83.26,Austria,0.08326,1,2023-12-08,Friday
2023-12-08 02:00:00,2023-12-08 03:00:00,81.43,Austria,0.08143,2,2023-12-08,Friday
2023-12-08 03:00:00,2023-12-08 04:00:00,79.52,Austria,0.07952,3,2023-12-08,Friday
2023-12-08 04:00:00,2023-12-08 05:00:00,80.0,Austria,0.08,4,2023-12-08,Friday
2023-12-08 05:00:00,2023-12-08 06:00:00,87.04,Austria,0.08704,5,2023-12-08,Friday
2023-12-08 06:00:00,2023-12-08 07:00:00,105.46,Austria,0.10546,6,2023-12-08,Friday
2023-12-08 07:00:00,2023-12-08 08:00:00,114.33,Austria,0.11433,7,2023-12-08,Friday
2023-12-08 08:00:00,2023-12-08 09:00:00,118.14,Austria,0.11814,8,2023-12-08,Friday
2023-12-08 09:00:00,2023-12-08 10:00:00,121.48,Austria,0.12148,9,2023-12-08,Friday
2023-12-08 10:00:00,2023-12-08 11:00:00,120.0,Austria,0.12,10,2023-12-08,Friday
2023-12-08 11:00:00,2023-12-08 12:00:00,120.0,Austria,0.12,11,2023-12-08,Friday
2023-12-08 12:00:00,2023-12-08 13:00:00,119.37,Austria,0.11937,12,2023-12-08,Friday
2023-12-08 13:00:00,2023-12-08 14:00:00,117.05,Austria,0.11705,13,2023-12-08,Friday
2023-12-08 14:00:00,2023-12-08 15:00:00,118.16,Austria,0.11816,14,2023-12-08,Friday
2023-12-08 15:00:00,2023-12-08 16:00:00,118.31,Austria,0.11831,15,2023-12-08,Friday
2023-12-08 16:00:00,2023-12-08 17:00:00,118.09,Austria,0.11809,16,2023-12-08,Friday
2023-12-08 17:00:00,2023-12-08 18:00:00,120.25,Austria,0.12025,17,2023-12-08,Friday
2023-12-08 18:00:00,2023-12-08 19:00:00,118.6,Austria,0.1186,18,2023-12-08,Friday
2023-12-08 19:00:00,2023-12-08 20:00:00,112.21,Austria,0.11220999999999999,19,2023-12-08,Friday
2023-12-08 20:00:00,2023-12-08 21:00:00,107.11,Austria,0.10711,20,2023-12-08,Friday
2023-12-08 21:00:00,2023-12-08 22:00:00,101.12,Austria,0.10112,21,2023-12-08,Friday
2023-12-08 22:00:00,2023-12-08 23:00:00,101.35,Austria,0.10135,22,2023-12-08,Friday
2023-12-08 23:00:00,2023-12-09 00:00:00,90.58,Austria,0.09058,23,2023-12-08,Friday
2023-12-06 00:00:00,2023-12-06 01:00:00,94.97,Belgium,0.09497,0,2023-12-06,Wednesday
2023-12-06 01:00:00,2023-12-06 02:00:00,93.1,Belgium,0.09309999999999999,1,2023-12-06,Wednesday
2023-12-06 02:00:00,2023-12-06 03:00:00,92.57,Belgium,0.09257,2,2023-12-06,Wednesday
2023-12-06 03:00:00,2023-12-06 04:00:00,90.96,Belgium,0.09096,3,2023-12-06,Wednesday
2023-12-06 04:00:00,2023-12-06 05:00:00,90.59,Belgium,0.09059,4,2023-12-06,Wednesday
2023-12-06 05:00:00,2023-12-06 06:00:00,93.89,Belgium,0.09389,5,2023-12-06,Wednesday
2023-12-06 06:00:00,2023-12-06 07:00:00,106.84,Belgium,0.10684,6,2023-12-06,Wednesday
2023-12-06 07:00:00,2023-12-06 08:00:00,133.5,Belgium,0.1335,7,2023-12-06,Wednesday
2023-12-06 08:00:00,2023-12-06 09:00:00,167.0,Belgium,0.167,8,2023-12-06,Wednesday
2023-12-06 09:00:00,2023-12-06 10:00:00,166.54,Belgium,0.16654,9,2023-12-06,Wednesday
2023-12-06 10:00:00,2023-12-06 11:00:00,150.0,Belgium,0.15,10,2023-12-06,Wednesday
2023-12-06 11:00:00,2023-12-06 12:00:00,146.29,Belgium,0.14629,11,2023-12-06,Wednesday
2023-12-06 12:00:00,2023-12-06 13:00:00,133.01,Belgium,0.13301,12,2023-12-06,Wednesday
2023-12-06 13:00:00,2023-12-06 14:00:00,126.73,Belgium,0.12673,13,2023-12-06,Wednesday
2023-12-06 14:00:00,2023-12-06 15:00:00,135.67,Belgium,0.13566999999999999,14,2023-12-06,Wednesday
2023-12-06 15:00:00,2023-12-06 16:00:00,143.99,Belgium,0.14399,15,2023-12-06,Wednesday
2023-12-06 16:00:00,2023-12-06 17:00:00,164.0,Belgium,0.164,16,2023-12-06,Wednesday
2023-12-06 17:00:00,2023-12-06 18:00:00,178.07,Belgium,0.17807,17,2023-12-06,Wednesday
2023-12-06 18:00:00,2023-12-06 19:00:00,165.28,Belgium,0.16528,18,2023-12-06,Wednesday
2023-12-06 19:00:00,2023-12-06 20:00:00,149.93,Belgium,0.14993,19,2023-12-06,Wednesday
2023-12-06 20:00:00,2023-12-06 21:00:00,129.91,Belgium,0.12991,20,2023-12-06,Wednesday
2023-12-06 21:00:00,2023-12-06 22:00:00,115.68,Belgium,0.11568,21,2023-12-06,Wednesday
2023-12-06 22:00:00,2023-12-06 23:00:00,107.33,Belgium,0.10733,22,2023-12-06,Wednesday
2023-12-06 23:00:00,2023-12-07 00:00:00,100.44,Belgium,0.10044,23,2023-12-06,Wednesday
2023-12-07 00:00:00,2023-12-07 01:00:00,99.2,Belgium,0.0992,0,2023-12-07,Thursday
2023-12-07 01:00:00,2023-12-07 02:00:00,97.85,Belgium,0.09784999999999999,1,2023-12-07,Thursday
2023-12-07 02:00:00,2023-12-07 03:00:00,96.86,Belgium,0.09686,2,2023-12-07,Thursday
2023-12-07 03:00:00,2023-12-07 04:00:00,91.81,Belgium,0.09181,3,2023-12-07,Thursday
2023-12-07 04:00:00,2023-12-07 05:00:00,89.92,Belgium,0.08992,4,2023-12-07,Thursday
2023-12-07 05:00:00,2023-12-07 06:00:00,94.53,Belgium,0.09453,5,2023-12-07,Thursday
2023-12-07 06:00:00,2023-12-07 07:00:00,107.27,Belgium,0.10726999999999999,6,2023-12-07,Thursday
2023-12-07 07:00:00,2023-12-07 08:00:00,129.67,Belgium,0.12966999999999998,7,2023-12-07,Thursday
2023-12-07 08:00:00,2023-12-07 09:00:00,150.0,Belgium,0.15,8,2023-12-07,Thursday
2023-12-07 09:00:00,2023-12-07 10:00:00,137.7,Belgium,0.1377,9,2023-12-07,Thursday
2023-12-07 10:00:00,2023-12-07 11:00:00,121.99,Belgium,0.12199,10,2023-12-07,Thursday
2023-12-07 11:00:00,2023-12-07 12:00:00,110.0,Belgium,0.11,11,2023-12-07,Thursday
2023-12-07 12:00:00,2023-12-07 13:00:00,103.04,Belgium,0.10304,12,2023-12-07,Thursday
2023-12-07 13:00:00,2023-12-07 14:00:00,99.66,Belgium,0.09966,13,2023-12-07,Thursday
2023-12-07 14:00:00,2023-12-07 15:00:00,98.96,Belgium,0.09895999999999999,14,2023-12-07,Thursday
2023-12-07 15:00:00,2023-12-07 16:00:00,102.0,Belgium,0.102,15,2023-12-07,Thursday
2023-12-07 16:00:00,2023-12-07 17:00:00,104.34,Belgium,0.10434,16,2023-12-07,Thursday
2023-12-07 17:00:00,2023-12-07 18:00:00,116.49,Belgium,0.11649,17,2023-12-07,Thursday
2023-12-07 18:00:00,2023-12-07 19:00:00,120.71,Belgium,0.12071,18,2023-12-07,Thursday
2023-12-07 19:00:00,2023-12-07 20:00:00,103.63,Belgium,0.10363,19,2023-12-07,Thursday
2023-12-07 20:00:00,2023-12-07 21:00:00,99.88,Belgium,0.09988,20,2023-12-07,Thursday
2023-12-07 21:00:00,2023-12-07 22:00:00,96.4,Belgium,0.0964,21,2023-12-07,Thursday
2023-12-07 22:00:00,2023-12-07 23:00:00,96.33,Belgium,0.09633,22,2023-12-07,Thursday
2023-12-07 23:00:00,2023-12-08 00:00:00,87.08,Belgium,0.08708,23,2023-12-07,Thursday
2023-12-08 00:00:00,2023-12-08 01:00:00,87.09,Belgium,0.08709,0,2023-12-08,Friday
2023-12-08 01:00:00,2023-12-08 02:00:00,83.26,Belgium,0.08326,1,2023-12-08,Friday
2023-12-08 02:00:00,2023-12-08 03:00:00,81.43,Belgium,0.08143,2,2023-12-08,Friday
2023-12-08 03:00:00,2023-12-08 04:00:00,79.52,Belgium,0.07952,3,2023-12-08,Friday
2023-12-08 04:00:00,2023-12-08 05:00:00,80.0,Belgium,0.08,4,2023-12-08,Friday
2023-12-08 05:00:00,2023-12-08 06:00:00,87.04,Belgium,0.08704,5,2023-12-08,Friday
2023-12-08 06:00:00,2023-12-08 07:00:00,100.26,Belgium,0.10026,6,2023-12-08,Friday
2023-12-08 07:00:00,2023-12-08 08:00:00,107.84,Belgium,0.10784,7,2023-12-08,Friday
2023-12-08 08:00:00,2023-12-08 09:00:00,113.0,Belgium,0.113,8,2023-12-08,Friday
2023-12-08 09:00:00,2023-12-08 10:00:00,118.7,Belgium,0.1187,9,2023-12-08,Friday
2023-12-08 10:00:00,2023-12-08 11:00:00,118.83,Belgium,0.11883,10,2023-12-08,Friday
2023-12-08 11:00:00,2023-12-08 12:00:00,118.15,Belgium,0.11815,11,2023-12-08,Friday
2023-12-08 12:00:00,2023-12-08 13:00:00,116.84,Belgium,0.11684,12,2023-12-08,Friday
2023-12-08 13:00:00,2023-12-08 14:00:00,112.0,Belgium,0.112,13,2023-12-08,Friday
2023-12-08 14:00:00,2023-12-08 15:00:00,113.11,Belgium,0.11311,14,2023-12-08,Friday
2023-12-08 15:00:00,2023-12-08 16:00:00,106.25,Belgium,0.10625,15,2023-12-08,Friday
2023-12-08 16:00:00,2023-12-08 17:00:00,107.08,Belgium,0.10708,16,2023-12-08,Friday
2023-12-08 17:00:00,2023-12-08 18:00:00,116.2,Belgium,0.1162,17,2023-12-08,Friday
2023-12-08 18:00:00,2023-12-08 19:00:00,118.6,Belgium,0.1186,18,2023-12-08,Friday
2023-12-08 19:00:00,2023-12-08 20:00:00,105.86,Belgium,0.10586,19,2023-12-08,Friday
2023-12-08 20:00:00,2023-12-08 21:00:00,104.74,Belgium,0.10474,20,2023-12-08,Friday
2023-12-08 21:00:00,2023-12-08 22:00:00,101.12,Belgium,0.10112,21,2023-12-08,Friday
2023-12-08 22:00:00,2023-12-08 23:00:00,100.0,Belgium,0.1,22,2023-12-08,Friday
2023-12-08 23:00:00,2023-12-09 00:00:00,90.58,Belgium,0.09058,23,2023-12-08,Friday
2023-12-06 00:00:00,2023-12-06 01:00:00,94.97,Czech Republic,0.09497,0,2023-12-06,Wednesday
2023-12-06 01:00:00,2023-12-06 02:00:00,93.1,Czech Republic,0.09309999999999999,1,2023-12-06,Wednesday
2023-12-06 02:00:00,2023-12-06 03:00:00,92.57,Czech Republic,0.09257,2,2023-12-06,Wednesday
2023-12-06 03:00:00,2023-12-06 04:00:00,90.96,Czech Republic,0.09096,3,2023-12-06,Wednesday
2023-12-06 04:00:00,2023-12-06 05:00:00,90.59,Czech Republic,0.09059,4,2023-12-06,Wednesday
2023-12-06 05:00:00,2023-12-06 06:00:00,93.89,Czech Republic,0.09389,5,2023-12-06,Wednesday
2023-12-06 06:00:00,2023-12-06 07:00:00,108.25,Czech Republic,0.10825,6,2023-12-06,Wednesday
2023-12-06 07:00:00,2023-12-06 08:00:00,133.81,Czech Republic,0.13381,7,2023-12-06,Wednesday
2023-12-06 08:00:00,2023-12-06 09:00:00,167.0,Czech Republic,0.167,8,2023-12-06,Wednesday
2023-12-06 09:00:00,2023-12-06 10:00:00,166.54,Czech Republic,0.16654,9,2023-12-06,Wednesday
2023-12-06 10:00:00,2023-12-06 11:00:00,150.0,Czech Republic,0.15,10,2023-12-06,Wednesday
2023-12-06 11:00:00,2023-12-06 12:00:00,146.29,Czech Republic,0.14629,11,2023-12-06,Wednesday
2023-12-06 12:00:00,2023-12-06 13:00:00,145.07,Czech Republic,0.14507,12,2023-12-06,Wednesday
2023-12-06 13:00:00,2023-12-06 14:00:00,140.71,Czech Republic,0.14071,13,2023-12-06,Wednesday
2023-12-06 14:00:00,2023-12-06 15:00:00,140.6,Czech Republic,0.1406,14,2023-12-06,Wednesday
2023-12-06 15:00:00,2023-12-06 16:00:00,143.99,Czech Republic,0.14399,15,2023-12-06,Wednesday
2023-12-06 16:00:00,2023-12-06 17:00:00,164.0,Czech Republic,0.164,16,2023-12-06,Wednesday
2023-12-06 17:00:00,2023-12-06 18:00:00,178.07,Czech Republic,0.17807,17,2023-12-06,Wednesday
2023-12-06 18:00:00,2023-12-06 19:00:00,165.28,Czech Republic,0.16528,18,2023-12-06,Wednesday
2023-12-06 19:00:00,2023-12-06 20:00:00,149.93,Czech Republic,0.14993,19,2023-12-06,Wednesday
2023-12-06 20:00:00,2023-12-06 21:00:00,129.91,Czech Republic,0.12991,20,2023-12-06,Wednesday
2023-12-06 21:00:00,2023-12-06 22:00:00,115.68,Czech Republic,0.11568,21,2023-12-06,Wednesday
2023-12-06 22:00:00,2023-12-06 23:00:00,107.33,Czech Republic,0.10733,22,2023-12-06,Wednesday
2023-12-06 23:00:00,2023-12-07 00:00:00,100.44,Czech Republic,0.10044,23,2023-12-06,Wednesday
2023-12-07 00:00:00,2023-12-07 01:00:00,99.2,Czech Republic,0.0992,0,2023-12-07,Thursday
2023-12-07 01:00:00,2023-12-07 02:00:00,97.85,Czech Republic,0.09784999999999999,1,2023-12-07,Thursday
2023-12-07 02:00:00,2023-12-07 03:00:00,96.86,Czech Republic,0.09686,2,2023-12-07,Thursday
2023-12-07 03:00:00,2023-12-07 04:00:00,91.81,Czech Republic,0.09181,3,2023-12-07,Thursday
2023-12-07 04:00:00,2023-12-07 05:00:00,89.92,Czech Republic,0.08992,4,2023-12-07,Thursday
2023-12-07 05:00:00,2023-12-07 06:00:00,94.53,Czech Republic,0.09453,5,2023-12-07,Thursday
2023-12-07 06:00:00,2023-12-07 07:00:00,115.97,Czech Republic,0.11597,6,2023-12-07,Thursday
2023-12-07 07:00:00,2023-12-07 08:00:00,131.22,Czech Republic,0.13122,7,2023-12-07,Thursday
2023-12-07 08:00:00,2023-12-07 09:00:00,150.0,Czech Republic,0.15,8,2023-12-07,Thursday
2023-12-07 09:00:00,2023-12-07 10:00:00,137.7,Czech Republic,0.1377,9,2023-12-07,Thursday
2023-12-07 10:00:00,2023-12-07 11:00:00,133.23,Czech Republic,0.13323,10,2023-12-07,Thursday
2023-12-07 11:00:00,2023-12-07 12:00:00,137.51,Czech Republic,0.13751,11,2023-12-07,Thursday
2023-12-07 12:00:00,2023-12-07 13:00:00,138.65,Czech Republic,0.13865,12,2023-12-07,Thursday
2023-12-07 13:00:00,2023-12-07 14:00:00,135.22,Czech Republic,0.13522,13,2023-12-07,Thursday
2023-12-07 14:00:00,2023-12-07 15:00:00,135.0,Czech Republic,0.135,14,2023-12-07,Thursday
2023-12-07 15:00:00,2023-12-07 16:00:00,135.41,Czech Republic,0.13541,15,2023-12-07,Thursday
2023-12-07 16:00:00,2023-12-07 17:00:00,135.0,Czech Republic,0.135,16,2023-12-07,Thursday
2023-12-07 17:00:00,2023-12-07 18:00:00,133.7,Czech Republic,0.13369999999999999,17,2023-12-07,Thursday
2023-12-07 18:00:00,2023-12-07 19:00:00,129.35,Czech Republic,0.12935,18,2023-12-07,Thursday
2023-12-07 19:00:00,2023-12-07 20:00:00,114.93,Czech Republic,0.11493,19,2023-12-07,Thursday
2023-12-07 20:00:00,2023-12-07 21:00:00,110.34,Czech Republic,0.11034000000000001,20,2023-12-07,Thursday
2023-12-07 21:00:00,2023-12-07 22:00:00,105.93,Czech Republic,0.10593000000000001,21,2023-12-07,Thursday
2023-12-07 22:00:00,2023-12-07 23:00:00,100.89,Czech Republic,0.10089000000000001,22,2023-12-07,Thursday
2023-12-07 23:00:00,2023-12-08 00:00:00,87.08,Czech Republic,0.08708,23,2023-12-07,Thursday
2023-12-08 00:00:00,2023-12-08 01:00:00,87.09,Czech Republic,0.08709,0,2023-12-08,Friday
2023-12-08 01:00:00,2023-12-08 02:00:00,83.26,Czech Republic,0.08326,1,2023-12-08,Friday
2023-12-08 02:00:00,2023-12-08 03:00:00,81.43,Czech Republic,0.08143,2,2023-12-08,Friday
2023-12-08 03:00:00,2023-12-08 04:00:00,79.52,Czech Republic,0.07952,3,2023-12-08,Friday
2023-12-08 04:00:00,2023-12-08 05:00:00,80.0,Czech Republic,0.08,4,2023-12-08,Friday
2023-12-08 05:00:00,2023-12-08 06:00:00,87.04,Czech Republic,0.08704,5,2023-12-08,Friday
2023-12-08 06:00:00,2023-12-08 07:00:00,103.93,Czech Republic,0.10393000000000001,6,2023-12-08,Friday
2023-12-08 07:00:00,2023-12-08 08:00:00,113.04,Czech Republic,0.11304,7,2023-12-08,Friday
2023-12-08 08:00:00,2023-12-08 09:00:00,117.13,Czech Republic,0.11713,8,2023-12-08,Friday
2023-12-08 09:00:00,2023-12-08 10:00:00,120.98,Czech Republic,0.12098,9,2023-12-08,Friday
2023-12-08 10:00:00,2023-12-08 11:00:00,119.78,Czech Republic,0.11978,10,2023-12-08,Friday
2023-12-08 11:00:00,2023-12-08 12:00:00,119.63,Czech Republic,0.11963,11,2023-12-08,Friday
2023-12-08 12:00:00,2023-12-08 13:00:00,118.87,Czech Republic,0.11887,12,2023-12-08,Friday
2023-12-08 13:00:00,2023-12-08 14:00:00,116.08,Czech Republic,0.11608,13,2023-12-08,Friday
2023-12-08 14:00:00,2023-12-08 15:00:00,118.15,Czech Republic,0.11815,14,2023-12-08,Friday
2023-12-08 15:00:00,2023-12-08 16:00:00,119.53,Czech Republic,0.11953,15,2023-12-08,Friday
2023-12-08 16:00:00,2023-12-08 17:00:00,118.36,Czech Republic,0.11835999999999999,16,2023-12-08,Friday
2023-12-08 17:00:00,2023-12-08 18:00:00,120.07,Czech Republic,0.12007,17,2023-12-08,Friday
2023-12-08 18:00:00,2023-12-08 19:00:00,118.6,Czech Republic,0.1186,18,2023-12-08,Friday
2023-12-08 19:00:00,2023-12-08 20:00:00,110.92,Czech Republic,0.11092,19,2023-12-08,Friday
2023-12-08 20:00:00,2023-12-08 21:00:00,106.64,Czech Republic,0.10664,20,2023-12-08,Friday
2023-12-08 21:00:00,2023-12-08 22:00:00,101.12,Czech Republic,0.10112,21,2023-12-08,Friday
2023-12-08 22:00:00,2023-12-08 23:00:00,101.58,Czech Republic,0.10158,22,2023-12-08,Friday
2023-12-08 23:00:00,2023-12-09 00:00:00,90.58,Czech Republic,0.09058,23,2023-12-08,Friday
2023-12-06 00:00:00,2023-12-06 01:00:00,94.97,Denmark 1,0.09497,0,2023-12-06,Wednesday
2023-12-06 01:00:00,2023-12-06 02:00:00,93.1,Denmark 1,0.09309999999999999,1,2023-12-06,Wednesday
2023-12-06 02:00:00,2023-12-06 03:00:00,92.57,Denmark 1,0.09257,2,2023-12-06,Wednesday
2023-12-06 03:00:00,2023-12-06 04:00:00,90.96,Denmark 1,0.09096,3,2023-12-06,Wednesday
2023-12-06 04:00:00,2023-12-06 05:00:00,90.59,Denmark 1,0.09059,4,2023-12-06,Wednesday
2023-12-06 05:00:00,2023-12-06 06:00:00,93.89,Denmark 1,0.09389,5,2023-12-06,Wednesday
2023-12-06 06:00:00,2023-12-06 07:00:00,106.94,Denmark 1,0.10694,6,2023-12-06,Wednesday
2023-12-06 07:00:00,2023-12-06 08:00:00,133.86,Denmark 1,0.13386,7,2023-12-06,Wednesday
2023-12-06 08:00:00,2023-12-06 09:00:00,167.0,Denmark 1,0.167,8,2023-12-06,Wednesday
2023-12-06 09:00:00,2023-12-06 10:00:00,166.54,Denmark 1,0.16654,9,2023-12-06,Wednesday
2023-12-06 10:00:00,2023-12-06 11:00:00,150.0,Denmark 1,0.15,10,2023-12-06,Wednesday
2023-12-06 11:00:00,2023-12-06 12:00:00,146.29,Denmark 1,0.14629,11,2023-12-06,Wednesday
2023-12-06 12:00:00,2023-12-06 13:00:00,146.1,Denmark 1,0.1461,12,2023-12-06,Wednesday
2023-12-06 13:00:00,2023-12-06 14:00:00,141.03,Denmark 1,0.14103,13,2023-12-06,Wednesday
2023-12-06 14:00:00,2023-12-06 15:00:00,140.5,Denmark 1,0.1405,14,2023-12-06,Wednesday
2023-12-06 15:00:00,2023-12-06 16:00:00,143.99,Denmark 1,0.14399,15,2023-12-06,Wednesday
2023-12-06 16:00:00,2023-12-06 17:00:00,164.0,Denmark 1,0.164,16,2023-12-06,Wednesday
2023-12-06 17:00:00,2023-12-06 18:00:00,178.07,Denmark 1,0.17807,17,2023-12-06,Wednesday
2023-12-06 18:00:00,2023-12-06 19:00:00,165.28,Denmark 1,0.16528,18,2023-12-06,Wednesday
2023-12-06 19:00:00,2023-12-06 20:00:00,149.93,Denmark 1,0.14993,19,2023-12-06,Wednesday
2023-12-06 20:00:00,2023-12-06 21:00:00,129.91,Denmark 1,0.12991,20,2023-12-06,Wednesday
2023-12-06 21:00:00,2023-12-06 22:00:00,115.68,Denmark 1,0.11568,21,2023-12-06,Wednesday
2023-12-06 22:00:00,2023-12-06 23:00:00,107.33,Denmark 1,0.10733,22,2023-12-06,Wednesday
2023-12-06 23:00:00,2023-12-07 00:00:00,100.44,Denmark 1,0.10044,23,2023-12-06,Wednesday
2023-12-07 00:00:00,2023-12-07 01:00:00,99.2,Denmark 1,0.0992,0,2023-12-07,Thursday
2023-12-07 01:00:00,2023-12-07 02:00:00,97.85,Denmark 1,0.09784999999999999,1,2023-12-07,Thursday
2023-12-07 02:00:00,2023-12-07 03:00:00,96.86,Denmark 1,0.09686,2,2023-12-07,Thursday
2023-12-07 03:00:00,2023-12-07 04:00:00,91.81,Denmark 1,0.09181,3,2023-12-07,Thursday
2023-12-07 04:00:00,2023-12-07 05:00:00,89.92,Denmark 1,0.08992,4,2023-12-07,Thursday
2023-12-07 05:00:00,2023-12-07 06:00:00,94.53,Denmark 1,0.09453,5,2023-12-07,Thursday
2023-12-07 06:00:00,2023-12-07 07:00:00,116.58,Denmark 1,0.11658,6,2023-12-07,Thursday
2023-12-07 07:00:00,2023-12-07 08:00:00,131.22,Denmark 1,0.13122,7,2023-12-07,Thursday
2023-12-07 08:00:00,2023-12-07 09:00:00,150.0,Denmark 1,0.15,8,2023-12-07,Thursday
2023-12-07 09:00:00,2023-12-07 10:00:00,137.7,Denmark 1,0.1377,9,2023-12-07,Thursday
2023-12-07 10:00:00,2023-12-07 11:00:00,134.36,Denmark 1,0.13436,10,2023-12-07,Thursday
2023-12-07 11:00:00,2023-12-07 12:00:00,138.17,Denmark 1,0.13817,11,2023-12-07,Thursday
2023-12-07 12:00:00,2023-12-07 13:00:00,137.99,Denmark 1,0.13799,12,2023-12-07,Thursday
2023-12-07 13:00:00,2023-12-07 14:00:00,138.35,Denmark 1,0.13835,13,2023-12-07,Thursday
2023-12-07 14:00:00,2023-12-07 15:00:00,138.08,Denmark 1,0.13808,14,2023-12-07,Thursday
2023-12-07 15:00:00,2023-12-07 16:00:00,138.02,Denmark 1,0.13802,15,2023-12-07,Thursday
2023-12-07 16:00:00,2023-12-07 17:00:00,133.87,Denmark 1,0.13387000000000002,16,2023-12-07,Thursday
2023-12-07 17:00:00,2023-12-07 18:00:00,128.59,Denmark 1,0.12859,17,2023-12-07,Thursday
2023-12-07 18:00:00,2023-12-07 19:00:00,120.35,Denmark 1,0.12035,18,2023-12-07,Thursday
2023-12-07 19:00:00,2023-12-07 20:00:00,104.14,Denmark 1,0.10414,19,2023-12-07,Thursday
2023-12-07 20:00:00,2023-12-07 21:00:00,100.36,Denmark 1,0.10036,20,2023-12-07,Thursday
2023-12-07 21:00:00,2023-12-07 22:00:00,97.0,Denmark 1,0.097,21,2023-12-07,Thursday
2023-12-07 22:00:00,2023-12-07 23:00:00,96.42,Denmark 1,0.09642,22,2023-12-07,Thursday
2023-12-07 23:00:00,2023-12-08 00:00:00,87.08,Denmark 1,0.08708,23,2023-12-07,Thursday
2023-12-08 00:00:00,2023-12-08 01:00:00,87.09,Denmark 1,0.08709,0,2023-12-08,Friday
2023-12-08 01:00:00,2023-12-08 02:00:00,83.26,Denmark 1,0.08326,1,2023-12-08,Friday
2023-12-08 02:00:00,2023-12-08 03:00:00,81.43,Denmark 1,0.08143,2,2023-12-08,Friday
2023-12-08 03:00:00,2023-12-08 04:00:00,79.52,Denmark 1,0.07952,3,2023-12-08,Friday
2023-12-08 04:00:00,2023-12-08 05:00:00,80.0,Denmark 1,0.08,4,2023-12-08,Friday
2023-12-08 05:00:00,2023-12-08 06:00:00,87.04,Denmark 1,0.08704,5,2023-12-08,Friday
2023-12-08 06:00:00,2023-12-08 07:00:00,99.69,Denmark 1,0.09969,6,2023-12-08,Friday
2023-12-08 07:00:00,2023-12-08 08:00:00,107.29,Denmark 1,0.10729000000000001,7,2023-12-08,Friday
2023-12-08 08:00:00,2023-12-08 09:00:00,112.65,Denmark 1,0.11265,8,2023-12-08,Friday
2023-12-08 09:00:00,2023-12-08 10:00:00,118.52,Denmark 1,0.11852,9,2023-12-08,Friday
2023-12-08 10:00:00,2023-12-08 11:00:00,118.75,Denmark 1,0.11875,10,2023-12-08,Friday
2023-12-08 11:00:00,2023-12-08 12:00:00,118.02,Denmark 1,0.11802,11,2023-12-08,Friday
2023-12-08 12:00:00,2023-12-08 13:00:00,116.66,Denmark 1,0.11666,12,2023-12-08,Friday
2023-12-08 13:00:00,2023-12-08 14:00:00,111.78,Denmark 1,0.11178,13,2023-12-08,Friday
2023-12-08 14:00:00,2023-12-08 15:00:00,112.87,Denmark 1,0.11287,14,2023-12-08,Friday
2023-12-08 15:00:00,2023-12-08 16:00:00,115.75,Denmark 1,0.11575,15,2023-12-08,Friday
2023-12-08 16:00:00,2023-12-08 17:00:00,113.35,Denmark 1,0.11334999999999999,16,2023-12-08,Friday
2023-12-08 17:00:00,2023-12-08 18:00:00,117.63,Denmark 1,0.11763,17,2023-12-08,Friday
2023-12-08 18:00:00,2023-12-08 19:00:00,118.6,Denmark 1,0.1186,18,2023-12-08,Friday
2023-12-08 19:00:00,2023-12-08 20:00:00,105.4,Denmark 1,0.10540000000000001,19,2023-12-08,Friday
2023-12-08 20:00:00,2023-12-08 21:00:00,104.35,Denmark 1,0.10435,20,2023-12-08,Friday
2023-12-08 21:00:00,2023-12-08 22:00:00,101.12,Denmark 1,0.10112,21,2023-12-08,Friday
2023-12-08 22:00:00,2023-12-08 23:00:00,101.39,Denmark 1,0.10139,22,2023-12-08,Friday
2023-12-08 23:00:00,2023-12-09 00:00:00,90.58,Denmark 1,0.09058,23,2023-12-08,Friday
2023-12-06 00:00:00,2023-12-06 01:00:00,97.31,Denmark 2,0.09731000000000001,0,2023-12-06,Wednesday
2023-12-06 01:00:00,2023-12-06 02:00:00,94.85,Denmark 2,0.09484999999999999,1,2023-12-06,Wednesday
2023-12-06 02:00:00,2023-12-06 03:00:00,93.66,Denmark 2,0.09366,2,2023-12-06,Wednesday
2023-12-06 03:00:00,2023-12-06 04:00:00,93.2,Denmark 2,0.0932,3,2023-12-06,Wednesday
2023-12-06 04:00:00,2023-12-06 05:00:00,92.82,Denmark 2,0.09282,4,2023-12-06,Wednesday
2023-12-06 05:00:00,2023-12-06 06:00:00,95.33,Denmark 2,0.09533,5,2023-12-06,Wednesday
2023-12-06 06:00:00,2023-12-06 07:00:00,106.94,Denmark 2,0.10694,6,2023-12-06,Wednesday
2023-12-06 07:00:00,2023-12-06 08:00:00,137.15,Denmark 2,0.13715,7,2023-12-06,Wednesday
2023-12-06 08:00:00,2023-12-06 09:00:00,171.99,Denmark 2,0.17199,8,2023-12-06,Wednesday
2023-12-06 09:00:00,2023-12-06 10:00:00,171.52,Denmark 2,0.17152,9,2023-12-06,Wednesday
2023-12-06 10:00:00,2023-12-06 11:00:00,154.48,Denmark 2,0.15447999999999998,10,2023-12-06,Wednesday
2023-12-06 11:00:00,2023-12-06 12:00:00,149.88,Denmark 2,0.14987999999999999,11,2023-12-06,Wednesday
2023-12-06 12:00:00,2023-12-06 13:00:00,149.69,Denmark 2,0.14969,12,2023-12-06,Wednesday
2023-12-06 13:00:00,2023-12-06 14:00:00,144.5,Denmark 2,0.1445,13,2023-12-06,Wednesday
2023-12-06 14:00:00,2023-12-06 15:00:00,143.96,Denmark 2,0.14396,14,2023-12-06,Wednesday
2023-12-06 15:00:00,2023-12-06 16:00:00,147.53,Denmark 2,0.14753,15,2023-12-06,Wednesday
2023-12-06 16:00:00,2023-12-06 17:00:00,164.0,Denmark 2,0.164,16,2023-12-06,Wednesday
2023-12-06 17:00:00,2023-12-06 18:00:00,178.07,Denmark 2,0.17807,17,2023-12-06,Wednesday
2023-12-06 18:00:00,2023-12-06 19:00:00,165.28,Denmark 2,0.16528,18,2023-12-06,Wednesday
2023-12-06 19:00:00,2023-12-06 20:00:00,149.93,Denmark 2,0.14993,19,2023-12-06,Wednesday
2023-12-06 20:00:00,2023-12-06 21:00:00,129.91,Denmark 2,0.12991,20,2023-12-06,Wednesday
2023-12-06 21:00:00,2023-12-06 22:00:00,115.68,Denmark 2,0.11568,21,2023-12-06,Wednesday
2023-12-06 22:00:00,2023-12-06 23:00:00,107.33,Denmark 2,0.10733,22,2023-12-06,Wednesday
2023-12-06 23:00:00,2023-12-07 00:00:00,100.44,Denmark 2,0.10044,23,2023-12-06,Wednesday
2023-12-07 00:00:00,2023-12-07 01:00:00,99.2,Denmark 2,0.0992,0,2023-12-07,Thursday
2023-12-07 01:00:00,2023-12-07 02:00:00,97.85,Denmark 2,0.09784999999999999,1,2023-12-07,Thursday
2023-12-07 02:00:00,2023-12-07 03:00:00,96.86,Denmark 2,0.09686,2,2023-12-07,Thursday
2023-12-07 03:00:00,2023-12-07 04:00:00,91.81,Denmark 2,0.09181,3,2023-12-07,Thursday
2023-12-07 04:00:00,2023-12-07 05:00:00,89.92,Denmark 2,0.08992,4,2023-12-07,Thursday
2023-12-07 05:00:00,2023-12-07 06:00:00,94.53,Denmark 2,0.09453,5,2023-12-07,Thursday
2023-12-07 06:00:00,2023-12-07 07:00:00,116.58,Denmark 2,0.11658,6,2023-12-07,Thursday
2023-12-07 07:00:00,2023-12-07 08:00:00,131.22,Denmark 2,0.13122,7,2023-12-07,Thursday
2023-12-07 08:00:00,2023-12-07 09:00:00,150.0,Denmark 2,0.15,8,2023-12-07,Thursday
2023-12-07 09:00:00,2023-12-07 10:00:00,137.7,Denmark 2,0.1377,9,2023-12-07,Thursday
2023-12-07 10:00:00,2023-12-07 11:00:00,134.36,Denmark 2,0.13436,10,2023-12-07,Thursday
2023-12-07 11:00:00,2023-12-07 12:00:00,138.17,Denmark 2,0.13817,11,2023-12-07,Thursday
2023-12-07 12:00:00,2023-12-07 13:00:00,137.99,Denmark 2,0.13799,12,2023-12-07,Thursday
2023-12-07 13:00:00,2023-12-07 14:00:00,138.35,Denmark 2,0.13835,13,2023-12-07,Thursday
2023-12-07 14:00:00,2023-12-07 15:00:00,138.08,Denmark 2,0.13808,14,2023-12-07,Thursday
2023-12-07 15:00:00,2023-12-07 16:00:00,138.02,Denmark 2,0.13802,15,2023-12-07,Thursday
2023-12-07 16:00:00,2023-12-07 17:00:00,133.87,Denmark 2,0.13387000000000002,16,2023-12-07,Thursday
2023-12-07 17:00:00,2023-12-07 18:00:00,128.59,Denmark 2,0.12859,17,2023-12-07,Thursday
2023-12-07 18:00:00,2023-12-07 19:00:00,120.35,Denmark 2,0.12035,18,2023-12-07,Thursday
2023-12-07 19:00:00,2023-12-07 20:00:00,104.14,Denmark 2,0.10414,19,2023-12-07,Thursday
2023-12-07 20:00:00,2023-12-07 21:00:00,100.36,Denmark 2,0.10036,20,2023-12-07,Thursday
2023-12-07 21:00:00,2023-12-07 22:00:00,97.0,Denmark 2,0.097,21,2023-12-07,Thursday
2023-12-07 22:00:00,2023-12-07 23:00:00,96.42,Denmark 2,0.09642,22,2023-12-07,Thursday
2023-12-07 23:00:00,2023-12-08 00:00:00,87.08,Denmark 2,0.08708,23,2023-12-07,Thursday
2023-12-08 00:00:00,2023-12-08 01:00:00,87.09,Denmark 2,0.08709,0,2023-12-08,Friday
2023-12-08 01:00:00,2023-12-08 02:00:00,83.26,Denmark 2,0.08326,1,2023-12-08,Friday
2023-12-08 02:00:00,2023-12-08 03:00:00,81.43,Denmark 2,0.08143,2,2023-12-08,Friday
2023-12-08 03:00:00,2023-12-08 04:00:00,79.52,Denmark 2,0.07952,3,2023-12-08,Friday
2023-12-08 04:00:00,2023-12-08 05:00:00,80.0,Denmark 2,0.08,4,2023-12-08,Friday
2023-12-08 05:00:00,2023-12-08 06:00:00,87.04,Denmark 2,0.08704,5,2023-12-08,Friday
2023-12-08 06:00:00,2023-12-08 07:00:00,99.69,Denmark 2,0.09969,6,2023-12-08,Friday
2023-12-08 07:00:00,2023-12-08 08:00:00,107.29,Denmark 2,0.10729000000000001,7,2023-12-08,Friday
2023-12-08 08:00:00,2023-12-08 09:00:00,112.65,Denmark 2,0.11265,8,2023-12-08,Friday
2023-12-08 09:00:00,2023-12-08 10:00:00,118.52,Denmark 2,0.11852,9,2023-12-08,Friday
2023-12-08 10:00:00,2023-12-08 11:00:00,118.75,Denmark 2,0.11875,10,2023-12-08,Friday
2023-12-08 11:00:00,2023-12-08 12:00:00,118.02,Denmark 2,0.11802,11,2023-12-08,Friday
2023-12-08 12:00:00,2023-12-08 13:00:00,116.66,Denmark 2,0.11666,12,2023-12-08,Friday
2023-12-08 13:00:00,2023-12-08 14:00:00,111.78,Denmark 2,0.11178,13,2023-12-08,Friday
2023-12-08 14:00:00,2023-12-08 15:00:00,112.87,Denmark 2,0.11287,14,2023-12-08,Friday
2023-12-08 15:00:00,2023-12-08 16:00:00,115.75,Denmark 2,0.11575,15,2023-12-08,Friday
2023-12-08 16:00:00,2023-12-08 17:00:00,113.35,Denmark 2,0.11334999999999999,16,2023-12-08,Friday
2023-12-08 17:00:00,2023-12-08 18:00:00,117.63,Denmark 2,0.11763,17,2023-12-08,Friday
2023-12-08 18:00:00,2023-12-08 19:00:00,115.75,Denmark 2,0.11575,18,2023-12-08,Friday
2023-12-08 19:00:00,2023-12-08 20:00:00,103.03,Denmark 2,0.10303,19,2023-12-08,Friday
2023-12-08 20:00:00,2023-12-08 21:00:00,94.9,Denmark 2,0.09490000000000001,20,2023-12-08,Friday
2023-12-08 21:00:00,2023-12-08 22:00:00,82.44,Denmark 2,0.08244,21,2023-12-08,Friday
2023-12-08 22:00:00,2023-12-08 23:00:00,73.22,Denmark 2,0.07322,22,2023-12-08,Friday
2023-12-08 23:00:00,2023-12-09 00:00:00,70.71,Denmark 2,0.07071,23,2023-12-08,Friday
2023-12-06 00:00:00,2023-12-06 01:00:00,94.97,France,0.09497,0,2023-12-06,Wednesday
2023-12-06 01:00:00,2023-12-06 02:00:00,93.1,France,0.09309999999999999,1,2023-12-06,Wednesday
2023-12-06 02:00:00,2023-12-06 03:00:00,92.57,France,0.09257,2,2023-12-06,Wednesday
2023-12-06 03:00:00,2023-12-06 04:00:00,90.96,France,0.09096,3,2023-12-06,Wednesday
2023-12-06 04:00:00,2023-12-06 05:00:00,90.59,France,0.09059,4,2023-12-06,Wednesday
2023-12-06 05:00:00,2023-12-06 06:00:00,93.89,France,0.09389,5,2023-12-06,Wednesday
2023-12-06 06:00:00,2023-12-06 07:00:00,107.03,France,0.10703,6,2023-12-06,Wednesday
2023-12-06 07:00:00,2023-12-06 08:00:00,133.61,France,0.13361,7,2023-12-06,Wednesday
2023-12-06 08:00:00,2023-12-06 09:00:00,167.0,France,0.167,8,2023-12-06,Wednesday
2023-12-06 09:00:00,2023-12-06 10:00:00,166.54,France,0.16654,9,2023-12-06,Wednesday
2023-12-06 10:00:00,2023-12-06 11:00:00,150.0,France,0.15,10,2023-12-06,Wednesday
2023-12-06 11:00:00,2023-12-06 12:00:00,146.29,France,0.14629,11,2023-12-06,Wednesday
2023-12-06 12:00:00,2023-12-06 13:00:00,137.17,France,0.13717,12,2023-12-06,Wednesday
2023-12-06 13:00:00,2023-12-06 14:00:00,131.37,France,0.13137000000000001,13,2023-12-06,Wednesday
2023-12-06 14:00:00,2023-12-06 15:00:00,137.25,France,0.13725,14,2023-12-06,Wednesday
2023-12-06 15:00:00,2023-12-06 16:00:00,143.99,France,0.14399,15,2023-12-06,Wednesday
2023-12-06 16:00:00,2023-12-06 17:00:00,164.0,France,0.164,16,2023-12-06,Wednesday
2023-12-06 17:00:00,2023-12-06 18:00:00,178.07,France,0.17807,17,2023-12-06,Wednesday
2023-12-06 18:00:00,2023-12-06 19:00:00,165.28,France,0.16528,18,2023-12-06,Wednesday
2023-12-06 19:00:00,2023-12-06 20:00:00,149.93,France,0.14993,19,2023-12-06,Wednesday
2023-12-06 20:00:00,2023-12-06 21:00:00,129.91,France,0.12991,20,2023-12-06,Wednesday
2023-12-06 21:00:00,2023-12-06 22:00:00,115.68,France,0.11568,21,2023-12-06,Wednesday
2023-12-06 22:00:00,2023-12-06 23:00:00,107.33,France,0.10733,22,2023-12-06,Wednesday
2023-12-06 23:00:00,2023-12-07 00:00:00,100.44,France,0.10044,23,2023-12-06,Wednesday
2023-12-07 00:00:00,2023-12-07 01:00:00,99.2,France,0.0992,0,2023-12-07,Thursday
2023-12-07 01:00:00,2023-12-07 02:00:00,97.85,France,0.09784999999999999,1,2023-12-07,Thursday
2023-12-07 02:00:00,2023-12-07 03:00:00,96.86,France,0.09686,2,2023-12-07,Thursday
2023-12-07 03:00:00,2023-12-07 04:00:00,91.81,France,0.09181,3,2023-12-07,Thursday
2023-12-07 04:00:00,2023-12-07 05:00:00,89.92,France,0.08992,4,2023-12-07,Thursday
2023-12-07 05:00:00,2023-12-07 06:00:00,94.53,France,0.09453,5,2023-12-07,Thursday
2023-12-07 06:00:00,2023-12-07 07:00:00,110.05,France,0.11005,6,2023-12-07,Thursday
2023-12-07 07:00:00,2023-12-07 08:00:00,130.13,France,0.13013,7,2023-12-07,Thursday
2023-12-07 08:00:00,2023-12-07 09:00:00,150.0,France,0.15,8,2023-12-07,Thursday
2023-12-07 09:00:00,2023-12-07 10:00:00,137.7,France,0.1377,9,2023-12-07,Thursday
2023-12-07 10:00:00,2023-12-07 11:00:00,125.5,France,0.1255,10,2023-12-07,Thursday
2023-12-07 11:00:00,2023-12-07 12:00:00,109.7,France,0.1097,11,2023-12-07,Thursday
2023-12-07 12:00:00,2023-12-07 13:00:00,104.88,France,0.10488,12,2023-12-07,Thursday
2023-12-07 13:00:00,2023-12-07 14:00:00,98.4,France,0.0984,13,2023-12-07,Thursday
2023-12-07 14:00:00,2023-12-07 15:00:00,94.34,France,0.09434000000000001,14,2023-12-07,Thursday
2023-12-07 15:00:00,2023-12-07 16:00:00,89.13,France,0.08913,15,2023-12-07,Thursday
2023-12-07 16:00:00,2023-12-07 17:00:00,85.0,France,0.085,16,2023-12-07,Thursday
2023-12-07 17:00:00,2023-12-07 18:00:00,108.91,France,0.10890999999999999,17,2023-12-07,Thursday
2023-12-07 18:00:00,2023-12-07 19:00:00,121.44,France,0.12143999999999999,18,2023-12-07,Thursday
2023-12-07 19:00:00,2023-12-07 20:00:00,105.43,France,0.10543000000000001,19,2023-12-07,Thursday
2023-12-07 20:00:00,2023-12-07 21:00:00,100.75,France,0.10075,20,2023-12-07,Thursday
2023-12-07 21:00:00,2023-12-07 22:00:00,97.0,France,0.097,21,2023-12-07,Thursday
2023-12-07 22:00:00,2023-12-07 23:00:00,96.42,France,0.09642,22,2023-12-07,Thursday
2023-12-07 23:00:00,2023-12-08 00:00:00,87.08,France,0.08708,23,2023-12-07,Thursday
2023-12-08 00:00:00,2023-12-08 01:00:00,87.09,France,0.08709,0,2023-12-08,Friday
2023-12-08 01:00:00,2023-12-08 02:00:00,83.26,France,0.08326,1,2023-12-08,Friday
2023-12-08 02:00:00,2023-12-08 03:00:00,81.43,France,0.08143,2,2023-12-08,Friday
2023-12-08 03:00:00,2023-12-08 04:00:00,79.52,France,0.07952,3,2023-12-08,Friday
2023-12-08 04:00:00,2023-12-08 05:00:00,80.0,France,0.08,4,2023-12-08,Friday
2023-12-08 05:00:00,2023-12-08 06:00:00,87.04,France,0.08704,5,2023-12-08,Friday
2023-12-08 06:00:00,2023-12-08 07:00:00,100.4,France,0.1004,6,2023-12-08,Friday
2023-12-08 07:00:00,2023-12-08 08:00:00,108.4,France,0.10840000000000001,7,2023-12-08,Friday
2023-12-08 08:00:00,2023-12-08 09:00:00,113.4,France,0.1134,8,2023-12-08,Friday
2023-12-08 09:00:00,2023-12-08 10:00:00,118.91,France,0.11891,9,2023-12-08,Friday
2023-12-08 10:00:00,2023-12-08 11:00:00,118.92,France,0.11892,10,2023-12-08,Friday
2023-12-08 11:00:00,2023-12-08 12:00:00,118.3,France,0.1183,11,2023-12-08,Friday
2023-12-08 12:00:00,2023-12-08 13:00:00,117.04,France,0.11704,12,2023-12-08,Friday
2023-12-08 13:00:00,2023-12-08 14:00:00,112.29,France,0.11229,13,2023-12-08,Friday
2023-12-08 14:00:00,2023-12-08 15:00:00,113.28,France,0.11328,14,2023-12-08,Friday
2023-12-08 15:00:00,2023-12-08 16:00:00,98.16,France,0.09816,15,2023-12-08,Friday
2023-12-08 16:00:00,2023-12-08 17:00:00,101.9,France,0.1019,16,2023-12-08,Friday
2023-12-08 17:00:00,2023-12-08 18:00:00,115.1,France,0.1151,17,2023-12-08,Friday
2023-12-08 18:00:00,2023-12-08 19:00:00,118.6,France,0.1186,18,2023-12-08,Friday
2023-12-08 19:00:00,2023-12-08 20:00:00,106.32,France,0.10632,19,2023-12-08,Friday
2023-12-08 20:00:00,2023-12-08 21:00:00,104.9,France,0.10490000000000001,20,2023-12-08,Friday
2023-12-08 21:00:00,2023-12-08 22:00:00,101.12,France,0.10112,21,2023-12-08,Friday
2023-12-08 22:00:00,2023-12-08 23:00:00,98.85,France,0.09885,22,2023-12-08,Friday
2023-12-08 23:00:00,2023-12-09 00:00:00,90.58,France,0.09058,23,2023-12-08,Friday
2023-12-06 00:00:00,2023-12-06 01:00:00,94.97,Germany/Luxembourg,0.09497,0,2023-12-06,Wednesday
2023-12-06 01:00:00,2023-12-06 02:00:00,93.1,Germany/Luxembourg,0.09309999999999999,1,2023-12-06,Wednesday
2023-12-06 02:00:00,2023-12-06 03:00:00,92.57,Germany/Luxembourg,0.09257,2,2023-12-06,Wednesday
2023-12-06 03:00:00,2023-12-06 04:00:00,90.96,Germany/Luxembourg,0.09096,3,2023-12-06,Wednesday
2023-12-06 04:00:00,2023-12-06 05:00:00,90.59,Germany/Luxembourg,0.09059,4,2023-12-06,Wednesday
2023-12-06 05:00:00,2023-12-06 06:00:00,93.89,Germany/Luxembourg,0.09389,5,2023-12-06,Wednesday
2023-12-06 06:00:00,2023-12-06 07:00:00,106.94,Germany/Luxembourg,0.10694,6,2023-12-06,Wednesday
2023-12-06 07:00:00,2023-12-06 08:00:00,133.86,Germany/Luxembourg,0.13386,7,2023-12-06,Wednesday
2023-12-06 08:00:00,2023-12-06 09:00:00,167.0,Germany/Luxembourg,0.167,8,2023-12-06,Wednesday
2023-12-06 09:00:00,2023-12-06 10:00:00,166.54,Germany/Luxembourg,0.16654,9,2023-12-06,Wednesday
2023-12-06 10:00:00,2023-12-06 11:00:00,150.0,Germany/Luxembourg,0.15,10,2023-12-06,Wednesday
2023-12-06 11:00:00,2023-12-06 12:00:00,146.29,Germany/Luxembourg,0.14629,11,2023-12-06,Wednesday
2023-12-06 12:00:00,2023-12-06 13:00:00,146.1,Germany/Luxembourg,0.1461,12,2023-12-06,Wednesday
2023-12-06 13:00:00,2023-12-06 14:00:00,141.03,Germany/Luxembourg,0.14103,13,2023-12-06,Wednesday
2023-12-06 14:00:00,2023-12-06 15:00:00,140.5,Germany/Luxembourg,0.1405,14,2023-12-06,Wednesday
2023-12-06 15:00:00,2023-12-06 16:00:00,143.99,Germany/Luxembourg,0.14399,15,2023-12-06,Wednesday
2023-12-06 16:00:00,2023-12-06 17:00:00,164.0,Germany/Luxembourg,0.164,16,2023-12-06,Wednesday
2023-12-06 17:00:00,2023-12-06 18:00:00,178.07,Germany/Luxembourg,0.17807,17,2023-12-06,Wednesday
2023-12-06 18:00:00,2023-12-06 19:00:00,165.28,Germany/Luxembourg,0.16528,18,2023-12-06,Wednesday
2023-12-06 19:00:00,2023-12-06 20:00:00,149.93,Germany/Luxembourg,0.14993,19,2023-12-06,Wednesday
2023-12-06 20:00:00,2023-12-06 21:00:00,129.91,Germany/Luxembourg,0.12991,20,2023-12-06,Wednesday
2023-12-06 21:00:00,2023-12-06 22:00:00,115.68,Germany/Luxembourg,0.11568,21,2023-12-06,Wednesday
2023-12-06 22:00:00,2023-12-06 23:00:00,107.33,Germany/Luxembourg,0.10733,22,2023-12-06,Wednesday
2023-12-06 23:00:00,2023-12-07 00:00:00,100.44,Germany/Luxembourg,0.10044,23,2023-12-06,Wednesday
2023-12-07 00:00:00,2023-12-07 01:00:00,99.2,Germany/Luxembourg,0.0992,0,2023-12-07,Thursday
2023-12-07 01:00:00,2023-12-07 02:00:00,97.85,Germany/Luxembourg,0.09784999999999999,1,2023-12-07,Thursday
2023-12-07 02:00:00,2023-12-07 03:00:00,96.86,Germany/Luxembourg,0.09686,2,2023-12-07,Thursday
2023-12-07 03:00:00,2023-12-07 04:00:00,91.81,Germany/Luxembourg,0.09181,3,2023-12-07,Thursday
2023-12-07 04:00:00,2023-12-07 05:00:00,89.92,Germany/Luxembourg,0.08992,4,2023-12-07,Thursday
2023-12-07 05:00:00,2023-12-07 06:00:00,94.53,Germany/Luxembourg,0.09453,5,2023-12-07,Thursday
2023-12-07 06:00:00,2023-12-07 07:00:00,116.58,Germany/Luxembourg,0.11658,6,2023-12-07,Thursday
2023-12-07 07:00:00,2023-12-07 08:00:00,131.22,Germany/Luxembourg,0.13122,7,2023-12-07,Thursday
2023-12-07 08:00:00,2023-12-07 09:00:00,150.0,Germany/Luxembourg,0.15,8,2023-12-07,Thursday
2023-12-07 09:00:00,2023-12-07 10:00:00,137.7,Germany/Luxembourg,0.1377,9,2023-12-07,Thursday
2023-12-07 10:00:00,2023-12-07 11:00:00,134.36,Germany/Luxembourg,0.13436,10,2023-12-07,Thursday
2023-12-07 11:00:00,2023-12-07 12:00:00,138.17,Germany/Luxembourg,0.13817,11,2023-12-07,Thursday
2023-12-07 12:00:00,2023-12-07 13:00:00,137.99,Germany/Luxembourg,0.13799,12,2023-12-07,Thursday
2023-12-07 13:00:00,2023-12-07 14:00:00,138.35,Germany/Luxembourg,0.13835,13,2023-12-07,Thursday
2023-12-07 14:00:00,2023-12-07 15:00:00,138.08,Germany/Luxembourg,0.13808,14,2023-12-07,Thursday
2023-12-07 15:00:00,2023-12-07 16:00:00,138.02,Germany/Luxembourg,0.13802,15,2023-12-07,Thursday
2023-12-07 16:00:00,2023-12-07 17:00:00,133.87,Germany/Luxembourg,0.13387000000000002,16,2023-12-07,Thursday
2023-12-07 17:00:00,2023-12-07 18:00:00,128.59,Germany/Luxembourg,0.12859,17,2023-12-07,Thursday
2023-12-07 18:00:00,2023-12-07 19:00:00,120.35,Germany/Luxembourg,0.12035,18,2023-12-07,Thursday
2023-12-07 19:00:00,2023-12-07 20:00:00,104.14,Germany/Luxembourg,0.10414,19,2023-12-07,Thursday
2023-12-07 20:00:00,2023-12-07 21:00:00,100.36,Germany/Luxembourg,0.10036,20,2023-12-07,Thursday
2023-12-07 21:00:00,2023-12-07 22:00:00,97.0,Germany/Luxembourg,0.097,21,2023-12-07,Thursday
2023-12-07 22:00:00,2023-12-07 23:00:00,96.42,Germany/Luxembourg,0.09642,22,2023-12-07,Thursday
2023-12-07 23:00:00,2023-12-08 00:00:00,87.08,Germany/Luxembourg,0.08708,23,2023-12-07,Thursday
2023-12-08 00:00:00,2023-12-08 01:00:00,87.09,Germany/Luxembourg,0.08709,0,2023-12-08,Friday
2023-12-08 01:00:00,2023-12-08 02:00:00,83.26,Germany/Luxembourg,0.08326,1,2023-12-08,Friday
2023-12-08 02:00:00,2023-12-08 03:00:00,81.43,Germany/Luxembourg,0.08143,2,2023-12-08,Friday
2023-12-08 03:00:00,2023-12-08 04:00:00,79.52,Germany/Luxembourg,0.07952,3,2023-12-08,Friday
2023-12-08 04:00:00,2023-12-08 05:00:00,80.0,Germany/Luxembourg,0.08,4,2023-12-08,Friday
2023-12-08 05:00:00,2023-12-08 06:00:00,87.04,Germany/Luxembourg,0.08704,5,2023-12-08,Friday
2023-12-08 06:00:00,2023-12-08 07:00:00,99.69,Germany/Luxembourg,0.09969,6,2023-12-08,Friday
2023-12-08 07:00:00,2023-12-08 08:00:00,107.29,Germany/Luxembourg,0.10729000000000001,7,2023-12-08,Friday
2023-12-08 08:00:00,2023-12-08 09:00:00,112.65,Germany/Luxembourg,0.11265,8,2023-12-08,Friday
2023-12-08 09:00:00,2023-12-08 10:00:00,118.52,Germany/Luxembourg,0.11852,9,2023-12-08,Friday
2023-12-08 10:00:00,2023-12-08 11:00:00,118.75,Germany/Luxembourg,0.11875,10,2023-12-08,Friday
2023-12-08 11:00:00,2023-12-08 12:00:00,118.02,Germany/Luxembourg,0.11802,11,2023-12-08,Friday
2023-12-08 12:00:00,2023-12-08 13:00:00,116.66,Germany/Luxembourg,0.11666,12,2023-12-08,Friday
2023-12-08 13:00:00,2023-12-08 14:00:00,111.78,Germany/Luxembourg,0.11178,13,2023-12-08,Friday
2023-12-08 14:00:00,2023-12-08 15:00:00,113.11,Germany/Luxembourg,0.11311,14,2023-12-08,Friday
2023-12-08 15:00:00,2023-12-08 16:00:00,118.33,Germany/Luxembourg,0.11833,15,2023-12-08,Friday
2023-12-08 16:00:00,2023-12-08 17:00:00,114.98,Germany/Luxembourg,0.11498,16,2023-12-08,Friday
2023-12-08 17:00:00,2023-12-08 18:00:00,117.99,Germany/Luxembourg,0.11799,17,2023-12-08,Friday
2023-12-08 18:00:00,2023-12-08 19:00:00,118.6,Germany/Luxembourg,0.1186,18,2023-12-08,Friday
2023-12-08 19:00:00,2023-12-08 20:00:00,105.56,Germany/Luxembourg,0.10556,19,2023-12-08,Friday
2023-12-08 20:00:00,2023-12-08 21:00:00,104.62,Germany/Luxembourg,0.10462,20,2023-12-08,Friday
2023-12-08 21:00:00,2023-12-08 22:00:00,101.12,Germany/Luxembourg,0.10112,21,2023-12-08,Friday
2023-12-08 22:00:00,2023-12-08 23:00:00,101.72,Germany/Luxembourg,0.10172,22,2023-12-08,Friday
2023-12-08 23:00:00,2023-12-09 00:00:00,90.58,Germany/Luxembourg,0.09058,23,2023-12-08,Friday
2023-12-06 00:00:00,2023-12-06 01:00:00,94.97,Hungary,0.09497,0,2023-12-06,Wednesday
2023-12-06 01:00:00,2023-12-06 02:00:00,93.1,Hungary,0.09309999999999999,1,2023-12-06,Wednesday
2023-12-06 02:00:00,2023-12-06 03:00:00,92.57,Hungary,0.09257,2,2023-12-06,Wednesday
2023-12-06 03:00:00,2023-12-06 04:00:00,90.96,Hungary,0.09096,3,2023-12-06,Wednesday
2023-12-06 04:00:00,2023-12-06 05:00:00,90.59,Hungary,0.09059,4,2023-12-06,Wednesday
2023-12-06 05:00:00,2023-12-06 06:00:00,93.89,Hungary,0.09389,5,2023-12-06,Wednesday
2023-12-06 06:00:00,2023-12-06 07:00:00,109.29,Hungary,0.10929000000000001,6,2023-12-06,Wednesday
2023-12-06 07:00:00,2023-12-06 08:00:00,133.8,Hungary,0.1338,7,2023-12-06,Wednesday
2023-12-06 08:00:00,2023-12-06 09:00:00,167.0,Hungary,0.167,8,2023-12-06,Wednesday
2023-12-06 09:00:00,2023-12-06 10:00:00,166.54,Hungary,0.16654,9,2023-12-06,Wednesday
2023-12-06 10:00:00,2023-12-06 11:00:00,150.0,Hungary,0.15,10,2023-12-06,Wednesday
2023-12-06 11:00:00,2023-12-06 12:00:00,146.29,Hungary,0.14629,11,2023-12-06,Wednesday
2023-12-06 12:00:00,2023-12-06 13:00:00,145.05,Hungary,0.14505,12,2023-12-06,Wednesday
2023-12-06 13:00:00,2023-12-06 14:00:00,141.13,Hungary,0.14113,13,2023-12-06,Wednesday
2023-12-06 14:00:00,2023-12-06 15:00:00,140.86,Hungary,0.14086,14,2023-12-06,Wednesday
2023-12-06 15:00:00,2023-12-06 16:00:00,143.99,Hungary,0.14399,15,2023-12-06,Wednesday
2023-12-06 16:00:00,2023-12-06 17:00:00,164.0,Hungary,0.164,16,2023-12-06,Wednesday
2023-12-06 17:00:00,2023-12-06 18:00:00,178.07,Hungary,0.17807,17,2023-12-06,Wednesday
2023-12-06 18:00:00,2023-12-06 19:00:00,165.28,Hungary,0.16528,18,2023-12-06,Wednesday
2023-12-06 19:00:00,2023-12-06 20:00:00,149.93,Hungary,0.14993,19,2023-12-06,Wednesday
2023-12-06 20:00:00,2023-12-06 21:00:00,129.91,Hungary,0.12991,20,2023-12-06,Wednesday
2023-12-06 21:00:00,2023-12-06 22:00:00,115.68,Hungary,0.11568,21,2023-12-06,Wednesday
2023-12-06 22:00:00,2023-12-06 23:00:00,107.33,Hungary,0.10733,22,2023-12-06,Wednesday
2023-12-06 23:00:00,2023-12-07 00:00:00,100.44,Hungary,0.10044,23,2023-12-06,Wednesday
2023-12-07 00:00:00,2023-12-07 01:00:00,99.2,Hungary,0.0992,0,2023-12-07,Thursday
2023-12-07 01:00:00,2023-12-07 02:00:00,97.85,Hungary,0.09784999999999999,1,2023-12-07,Thursday
2023-12-07 02:00:00,2023-12-07 03:00:00,96.86,Hungary,0.09686,2,2023-12-07,Thursday
2023-12-07 03:00:00,2023-12-07 04:00:00,91.81,Hungary,0.09181,3,2023-12-07,Thursday
2023-12-07 04:00:00,2023-12-07 05:00:00,89.92,Hungary,0.08992,4,2023-12-07,Thursday
2023-12-07 05:00:00,2023-12-07 06:00:00,94.53,Hungary,0.09453,5,2023-12-07,Thursday
2023-12-07 06:00:00,2023-12-07 07:00:00,115.7,Hungary,0.1157,6,2023-12-07,Thursday
2023-12-07 07:00:00,2023-12-07 08:00:00,131.35,Hungary,0.13135,7,2023-12-07,Thursday
2023-12-07 08:00:00,2023-12-07 09:00:00,150.0,Hungary,0.15,8,2023-12-07,Thursday
2023-12-07 09:00:00,2023-12-07 10:00:00,137.7,Hungary,0.1377,9,2023-12-07,Thursday
2023-12-07 10:00:00,2023-12-07 11:00:00,132.87,Hungary,0.13287000000000002,10,2023-12-07,Thursday
2023-12-07 11:00:00,2023-12-07 12:00:00,136.09,Hungary,0.13609000000000002,11,2023-12-07,Thursday
2023-12-07 12:00:00,2023-12-07 13:00:00,137.37,Hungary,0.13737,12,2023-12-07,Thursday
2023-12-07 13:00:00,2023-12-07 14:00:00,133.61,Hungary,0.13361,13,2023-12-07,Thursday
2023-12-07 14:00:00,2023-12-07 15:00:00,133.27,Hungary,0.13327,14,2023-12-07,Thursday
2023-12-07 15:00:00,2023-12-07 16:00:00,133.48,Hungary,0.13348,15,2023-12-07,Thursday
2023-12-07 16:00:00,2023-12-07 17:00:00,137.98,Hungary,0.13798,16,2023-12-07,Thursday
2023-12-07 17:00:00,2023-12-07 18:00:00,137.31,Hungary,0.13731000000000002,17,2023-12-07,Thursday
2023-12-07 18:00:00,2023-12-07 19:00:00,136.22,Hungary,0.13622,18,2023-12-07,Thursday
2023-12-07 19:00:00,2023-12-07 20:00:00,132.06,Hungary,0.13206,19,2023-12-07,Thursday
2023-12-07 20:00:00,2023-12-07 21:00:00,124.73,Hungary,0.12473000000000001,20,2023-12-07,Thursday
2023-12-07 21:00:00,2023-12-07 22:00:00,112.11,Hungary,0.11211,21,2023-12-07,Thursday
2023-12-07 22:00:00,2023-12-07 23:00:00,107.17,Hungary,0.10717,22,2023-12-07,Thursday
2023-12-07 23:00:00,2023-12-08 00:00:00,87.08,Hungary,0.08708,23,2023-12-07,Thursday
2023-12-08 00:00:00,2023-12-08 01:00:00,87.09,Hungary,0.08709,0,2023-12-08,Friday
2023-12-08 01:00:00,2023-12-08 02:00:00,83.26,Hungary,0.08326,1,2023-12-08,Friday
2023-12-08 02:00:00,2023-12-08 03:00:00,81.43,Hungary,0.08143,2,2023-12-08,Friday
2023-12-08 03:00:00,2023-12-08 04:00:00,79.52,Hungary,0.07952,3,2023-12-08,Friday
2023-12-08 04:00:00,2023-12-08 05:00:00,80.0,Hungary,0.08,4,2023-12-08,Friday
2023-12-08 05:00:00,2023-12-08 06:00:00,87.04,Hungary,0.08704,5,2023-12-08,Friday
2023-12-08 06:00:00,2023-12-08 07:00:00,112.71,Hungary,0.11270999999999999,6,2023-12-08,Friday
2023-12-08 07:00:00,2023-12-08 08:00:00,121.13,Hungary,0.12113,7,2023-12-08,Friday
2023-12-08 08:00:00,2023-12-08 09:00:00,123.43,Hungary,0.12343000000000001,8,2023-12-08,Friday
2023-12-08 09:00:00,2023-12-08 10:00:00,124.29,Hungary,0.12429000000000001,9,2023-12-08,Friday
2023-12-08 10:00:00,2023-12-08 11:00:00,121.19,Hungary,0.12118999999999999,10,2023-12-08,Friday
2023-12-08 11:00:00,2023-12-08 12:00:00,121.9,Hungary,0.12190000000000001,11,2023-12-08,Friday
2023-12-08 12:00:00,2023-12-08 13:00:00,121.99,Hungary,0.12199,12,2023-12-08,Friday
2023-12-08 13:00:00,2023-12-08 14:00:00,122.18,Hungary,0.12218000000000001,13,2023-12-08,Friday
2023-12-08 14:00:00,2023-12-08 15:00:00,122.33,Hungary,0.12233,14,2023-12-08,Friday
2023-12-08 15:00:00,2023-12-08 16:00:00,121.48,Hungary,0.12148,15,2023-12-08,Friday
2023-12-08 16:00:00,2023-12-08 17:00:00,123.22,Hungary,0.12322,16,2023-12-08,Friday
2023-12-08 17:00:00,2023-12-08 18:00:00,122.92,Hungary,0.12292,17,2023-12-08,Friday
2023-12-08 18:00:00,2023-12-08 19:00:00,118.6,Hungary,0.1186,18,2023-12-08,Friday
2023-12-08 19:00:00,2023-12-08 20:00:00,120.68,Hungary,0.12068000000000001,19,2023-12-08,Friday
2023-12-08 20:00:00,2023-12-08 21:00:00,110.28,Hungary,0.11028,20,2023-12-08,Friday
2023-12-08 21:00:00,2023-12-08 22:00:00,101.12,Hungary,0.10112,21,2023-12-08,Friday
2023-12-08 22:00:00,2023-12-08 23:00:00,101.42,Hungary,0.10142,22,2023-12-08,Friday
2023-12-08 23:00:00,2023-12-09 00:00:00,90.58,Hungary,0.09058,23,2023-12-08,Friday
2023-12-06 00:00:00,2023-12-06 01:00:00,94.97,Netherlands,0.09497,0,2023-12-06,Wednesday
2023-12-06 01:00:00,2023-12-06 02:00:00,93.1,Netherlands,0.09309999999999999,1,2023-12-06,Wednesday
2023-12-06 02:00:00,2023-12-06 03:00:00,92.57,Netherlands,0.09257,2,2023-12-06,Wednesday
2023-12-06 03:00:00,2023-12-06 04:00:00,90.96,Netherlands,0.09096,3,2023-12-06,Wednesday
2023-12-06 04:00:00,2023-12-06 05:00:00,90.59,Netherlands,0.09059,4,2023-12-06,Wednesday
2023-12-06 05:00:00,2023-12-06 06:00:00,93.89,Netherlands,0.09389,5,2023-12-06,Wednesday
2023-12-06 06:00:00,2023-12-06 07:00:00,106.52,Netherlands,0.10651999999999999,6,2023-12-06,Wednesday
2023-12-06 07:00:00,2023-12-06 08:00:00,132.76,Netherlands,0.13276,7,2023-12-06,Wednesday
2023-12-06 08:00:00,2023-12-06 09:00:00,167.0,Netherlands,0.167,8,2023-12-06,Wednesday
2023-12-06 09:00:00,2023-12-06 10:00:00,166.54,Netherlands,0.16654,9,2023-12-06,Wednesday
2023-12-06 10:00:00,2023-12-06 11:00:00,150.0,Netherlands,0.15,10,2023-12-06,Wednesday
2023-12-06 11:00:00,2023-12-06 12:00:00,146.29,Netherlands,0.14629,11,2023-12-06,Wednesday
2023-12-06 12:00:00,2023-12-06 13:00:00,119.0,Netherlands,0.119,12,2023-12-06,Wednesday
2023-12-06 13:00:00,2023-12-06 14:00:00,109.73,Netherlands,0.10973000000000001,13,2023-12-06,Wednesday
2023-12-06 14:00:00,2023-12-06 15:00:00,129.89,Netherlands,0.12988999999999998,14,2023-12-06,Wednesday
2023-12-06 15:00:00,2023-12-06 16:00:00,143.99,Netherlands,0.14399,15,2023-12-06,Wednesday
2023-12-06 16:00:00,2023-12-06 17:00:00,164.0,Netherlands,0.164,16,2023-12-06,Wednesday
2023-12-06 17:00:00,2023-12-06 18:00:00,178.07,Netherlands,0.17807,17,2023-12-06,Wednesday
2023-12-06 18:00:00,2023-12-06 19:00:00,165.28,Netherlands,0.16528,18,2023-12-06,Wednesday
2023-12-06 19:00:00,2023-12-06 20:00:00,149.93,Netherlands,0.14993,19,2023-12-06,Wednesday
2023-12-06 20:00:00,2023-12-06 21:00:00,129.91,Netherlands,0.12991,20,2023-12-06,Wednesday
2023-12-06 21:00:00,2023-12-06 22:00:00,115.68,Netherlands,0.11568,21,2023-12-06,Wednesday
2023-12-06 22:00:00,2023-12-06 23:00:00,107.33,Netherlands,0.10733,22,2023-12-06,Wednesday
2023-12-06 23:00:00,2023-12-07 00:00:00,100.44,Netherlands,0.10044,23,2023-12-06,Wednesday
2023-12-07 00:00:00,2023-12-07 01:00:00,99.2,Netherlands,0.0992,0,2023-12-07,Thursday
2023-12-07 01:00:00,2023-12-07 02:00:00,97.85,Netherlands,0.09784999999999999,1,2023-12-07,Thursday
2023-12-07 02:00:00,2023-12-07 03:00:00,96.86,Netherlands,0.09686,2,2023-12-07,Thursday
2023-12-07 03:00:00,2023-12-07 04:00:00,91.81,Netherlands,0.09181,3,2023-12-07,Thursday
2023-12-07 04:00:00,2023-12-07 05:00:00,89.92,Netherlands,0.08992,4,2023-12-07,Thursday
2023-12-07 05:00:00,2023-12-07 06:00:00,94.53,Netherlands,0.09453,5,2023-12-07,Thursday
2023-12-07 06:00:00,2023-12-07 07:00:00,97.05,Netherlands,0.09705,6,2023-12-07,Thursday
2023-12-07 07:00:00,2023-12-07 08:00:00,127.99,Netherlands,0.12799,7,2023-12-07,Thursday
2023-12-07 08:00:00,2023-12-07 09:00:00,150.0,Netherlands,0.15,8,2023-12-07,Thursday
2023-12-07 09:00:00,2023-12-07 10:00:00,137.7,Netherlands,0.1377,9,2023-12-07,Thursday
2023-12-07 10:00:00,2023-12-07 11:00:00,108.2,Netherlands,0.1082,10,2023-12-07,Thursday
2023-12-07 11:00:00,2023-12-07 12:00:00,94.3,Netherlands,0.0943,11,2023-12-07,Thursday
2023-12-07 12:00:00,2023-12-07 13:00:00,79.0,Netherlands,0.079,12,2023-12-07,Thursday
2023-12-07 13:00:00,2023-12-07 14:00:00,80.3,Netherlands,0.0803,13,2023-12-07,Thursday
2023-12-07 14:00:00,2023-12-07 15:00:00,86.0,Netherlands,0.086,14,2023-12-07,Thursday
2023-12-07 15:00:00,2023-12-07 16:00:00,106.7,Netherlands,0.1067,15,2023-12-07,Thursday
2023-12-07 16:00:00,2023-12-07 17:00:00,126.13,Netherlands,0.12613,16,2023-12-07,Thursday
2023-12-07 17:00:00,2023-12-07 18:00:00,125.21,Netherlands,0.12521,17,2023-12-07,Thursday
2023-12-07 18:00:00,2023-12-07 19:00:00,120.28,Netherlands,0.12028,18,2023-12-07,Thursday
2023-12-07 19:00:00,2023-12-07 20:00:00,103.19,Netherlands,0.10319,19,2023-12-07,Thursday
2023-12-07 20:00:00,2023-12-07 21:00:00,99.88,Netherlands,0.09988,20,2023-12-07,Thursday
2023-12-07 21:00:00,2023-12-07 22:00:00,96.1,Netherlands,0.09609999999999999,21,2023-12-07,Thursday
2023-12-07 22:00:00,2023-12-07 23:00:00,96.47,Netherlands,0.09647,22,2023-12-07,Thursday
2023-12-07 23:00:00,2023-12-08 00:00:00,87.08,Netherlands,0.08708,23,2023-12-07,Thursday
2023-12-08 00:00:00,2023-12-08 01:00:00,87.09,Netherlands,0.08709,0,2023-12-08,Friday
2023-12-08 01:00:00,2023-12-08 02:00:00,83.26,Netherlands,0.08326,1,2023-12-08,Friday
2023-12-08 02:00:00,2023-12-08 03:00:00,81.43,Netherlands,0.08143,2,2023-12-08,Friday
2023-12-08 03:00:00,2023-12-08 04:00:00,79.52,Netherlands,0.07952,3,2023-12-08,Friday
2023-12-08 04:00:00,2023-12-08 05:00:00,80.0,Netherlands,0.08,4,2023-12-08,Friday
2023-12-08 05:00:00,2023-12-08 06:00:00,87.04,Netherlands,0.08704,5,2023-12-08,Friday
2023-12-08 06:00:00,2023-12-08 07:00:00,99.94,Netherlands,0.09994,6,2023-12-08,Friday
2023-12-08 07:00:00,2023-12-08 08:00:00,107.54,Netherlands,0.10754000000000001,7,2023-12-08,Friday
2023-12-08 08:00:00,2023-12-08 09:00:00,112.8,Netherlands,0.1128,8,2023-12-08,Friday
2023-12-08 09:00:00,2023-12-08 10:00:00,118.58,Netherlands,0.11858,9,2023-12-08,Friday
2023-12-08 10:00:00,2023-12-08 11:00:00,118.78,Netherlands,0.11878,10,2023-12-08,Friday
2023-12-08 11:00:00,2023-12-08 12:00:00,118.07,Netherlands,0.11807,11,2023-12-08,Friday
2023-12-08 12:00:00,2023-12-08 13:00:00,116.74,Netherlands,0.11674,12,2023-12-08,Friday
2023-12-08 13:00:00,2023-12-08 14:00:00,111.89,Netherlands,0.11189,13,2023-12-08,Friday
2023-12-08 14:00:00,2023-12-08 15:00:00,113.09,Netherlands,0.11309000000000001,14,2023-12-08,Friday
2023-12-08 15:00:00,2023-12-08 16:00:00,115.75,Netherlands,0.11575,15,2023-12-08,Friday
2023-12-08 16:00:00,2023-12-08 17:00:00,113.35,Netherlands,0.11334999999999999,16,2023-12-08,Friday
2023-12-08 17:00:00,2023-12-08 18:00:00,117.63,Netherlands,0.11763,17,2023-12-08,Friday
2023-12-08 18:00:00,2023-12-08 19:00:00,118.6,Netherlands,0.1186,18,2023-12-08,Friday
2023-12-08 19:00:00,2023-12-08 20:00:00,105.56,Netherlands,0.10556,19,2023-12-08,Friday
2023-12-08 20:00:00,2023-12-08 21:00:00,104.67,Netherlands,0.10467,20,2023-12-08,Friday
2023-12-08 21:00:00,2023-12-08 22:00:00,101.12,Netherlands,0.10112,21,2023-12-08,Friday
2023-12-08 22:00:00,2023-12-08 23:00:00,101.39,Netherlands,0.10139,22,2023-12-08,Friday
2023-12-08 23:00:00,2023-12-09 00:00:00,90.58,Netherlands,0.09058,23,2023-12-08,Friday
2023-12-06 00:00:00,2023-12-06 01:00:00,101.07,Northern Italy,0.10107,0,2023-12-06,Wednesday
2023-12-06 01:00:00,2023-12-06 02:00:00,99.4,Northern Italy,0.0994,1,2023-12-06,Wednesday
2023-12-06 02:00:00,2023-12-06 03:00:00,94.18,Northern Italy,0.09418000000000001,2,2023-12-06,Wednesday
2023-12-06 03:00:00,2023-12-06 04:00:00,93.95,Northern Italy,0.09395,3,2023-12-06,Wednesday
2023-12-06 04:00:00,2023-12-06 05:00:00,91.75,Northern Italy,0.09175,4,2023-12-06,Wednesday
2023-12-06 05:00:00,2023-12-06 06:00:00,100.3,Northern Italy,0.1003,5,2023-12-06,Wednesday
2023-12-06 06:00:00,2023-12-06 07:00:00,120.96,Northern Italy,0.12096,6,2023-12-06,Wednesday
2023-12-06 07:00:00,2023-12-06 08:00:00,133.61,Northern Italy,0.13361,7,2023-12-06,Wednesday
2023-12-06 08:00:00,2023-12-06 09:00:00,167.0,Northern Italy,0.167,8,2023-12-06,Wednesday
2023-12-06 09:00:00,2023-12-06 10:00:00,166.54,Northern Italy,0.16654,9,2023-12-06,Wednesday
2023-12-06 10:00:00,2023-12-06 11:00:00,150.0,Northern Italy,0.15,10,2023-12-06,Wednesday
2023-12-06 11:00:00,2023-12-06 12:00:00,140.0,Northern Italy,0.14,11,2023-12-06,Wednesday
2023-12-06 12:00:00,2023-12-06 13:00:00,130.75,Northern Italy,0.13075,12,2023-12-06,Wednesday
2023-12-06 13:00:00,2023-12-06 14:00:00,131.37,Northern Italy,0.13137000000000001,13,2023-12-06,Wednesday
2023-12-06 14:00:00,2023-12-06 15:00:00,137.25,Northern Italy,0.13725,14,2023-12-06,Wednesday
2023-12-06 15:00:00,2023-12-06 16:00:00,143.99,Northern Italy,0.14399,15,2023-12-06,Wednesday
2023-12-06 16:00:00,2023-12-06 17:00:00,164.0,Northern Italy,0.164,16,2023-12-06,Wednesday
2023-12-06 17:00:00,2023-12-06 18:00:00,178.07,Northern Italy,0.17807,17,2023-12-06,Wednesday
2023-12-06 18:00:00,2023-12-06 19:00:00,165.28,Northern Italy,0.16528,18,2023-12-06,Wednesday
2023-12-06 19:00:00,2023-12-06 20:00:00,149.93,Northern Italy,0.14993,19,2023-12-06,Wednesday
2023-12-06 20:00:00,2023-12-06 21:00:00,129.91,Northern Italy,0.12991,20,2023-12-06,Wednesday
2023-12-06 21:00:00,2023-12-06 22:00:00,127.72,Northern Italy,0.12772,21,2023-12-06,Wednesday
2023-12-06 22:00:00,2023-12-06 23:00:00,123.0,Northern Italy,0.123,22,2023-12-06,Wednesday
2023-12-06 23:00:00,2023-12-07 00:00:00,117.12,Northern Italy,0.11712,23,2023-12-06,Wednesday
2023-12-07 00:00:00,2023-12-07 01:00:00,107.8,Northern Italy,0.10779999999999999,0,2023-12-07,Thursday
2023-12-07 01:00:00,2023-12-07 02:00:00,101.4,Northern Italy,0.1014,1,2023-12-07,Thursday
2023-12-07 02:00:00,2023-12-07 03:00:00,98.2,Northern Italy,0.09820000000000001,2,2023-12-07,Thursday
2023-12-07 03:00:00,2023-12-07 04:00:00,95.45,Northern Italy,0.09545000000000001,3,2023-12-07,Thursday
2023-12-07 04:00:00,2023-12-07 05:00:00,93.5,Northern Italy,0.0935,4,2023-12-07,Thursday
2023-12-07 05:00:00,2023-12-07 06:00:00,98.2,Northern Italy,0.09820000000000001,5,2023-12-07,Thursday
2023-12-07 06:00:00,2023-12-07 07:00:00,121.1,Northern Italy,0.1211,6,2023-12-07,Thursday
2023-12-07 07:00:00,2023-12-07 08:00:00,131.0,Northern Italy,0.131,7,2023-12-07,Thursday
2023-12-07 08:00:00,2023-12-07 09:00:00,150.0,Northern Italy,0.15,8,2023-12-07,Thursday
2023-12-07 09:00:00,2023-12-07 10:00:00,137.7,Northern Italy,0.1377,9,2023-12-07,Thursday
2023-12-07 10:00:00,2023-12-07 11:00:00,125.5,Northern Italy,0.1255,10,2023-12-07,Thursday
2023-12-07 11:00:00,2023-12-07 12:00:00,123.5,Northern Italy,0.1235,11,2023-12-07,Thursday
2023-12-07 12:00:00,2023-12-07 13:00:00,120.0,Northern Italy,0.12,12,2023-12-07,Thursday
2023-12-07 13:00:00,2023-12-07 14:00:00,120.19,Northern Italy,0.12018999999999999,13,2023-12-07,Thursday
2023-12-07 14:00:00,2023-12-07 15:00:00,124.0,Northern Italy,0.124,14,2023-12-07,Thursday
2023-12-07 15:00:00,2023-12-07 16:00:00,129.0,Northern Italy,0.129,15,2023-12-07,Thursday
2023-12-07 16:00:00,2023-12-07 17:00:00,138.26,Northern Italy,0.13826,16,2023-12-07,Thursday
2023-12-07 17:00:00,2023-12-07 18:00:00,146.99,Northern Italy,0.14699,17,2023-12-07,Thursday
2023-12-07 18:00:00,2023-12-07 19:00:00,138.23,Northern Italy,0.13823,18,2023-12-07,Thursday
2023-12-07 19:00:00,2023-12-07 20:00:00,131.0,Northern Italy,0.131,19,2023-12-07,Thursday
2023-12-07 20:00:00,2023-12-07 21:00:00,126.61,Northern Italy,0.12661,20,2023-12-07,Thursday
2023-12-07 21:00:00,2023-12-07 22:00:00,125.16,Northern Italy,0.12516,21,2023-12-07,Thursday
2023-12-07 22:00:00,2023-12-07 23:00:00,121.73,Northern Italy,0.12173,22,2023-12-07,Thursday
2023-12-07 23:00:00,2023-12-08 00:00:00,115.85,Northern Italy,0.11585,23,2023-12-07,Thursday
2023-12-08 00:00:00,2023-12-08 01:00:00,117.56,Northern Italy,0.11756,0,2023-12-08,Friday
2023-12-08 01:00:00,2023-12-08 02:00:00,113.0,Northern Italy,0.113,1,2023-12-08,Friday
2023-12-08 02:00:00,2023-12-08 03:00:00,110.8,Northern Italy,0.1108,2,2023-12-08,Friday
2023-12-08 03:00:00,2023-12-08 04:00:00,110.0,Northern Italy,0.11,3,2023-12-08,Friday
2023-12-08 04:00:00,2023-12-08 05:00:00,111.29,Northern Italy,0.11129,4,2023-12-08,Friday
2023-12-08 05:00:00,2023-12-08 06:00:00,109.8,Northern Italy,0.1098,5,2023-12-08,Friday
2023-12-08 06:00:00,2023-12-08 07:00:00,114.0,Northern Italy,0.114,6,2023-12-08,Friday
2023-12-08 07:00:00,2023-12-08 08:00:00,116.61,Northern Italy,0.11661,7,2023-12-08,Friday
2023-12-08 08:00:00,2023-12-08 09:00:00,120.13,Northern Italy,0.12013,8,2023-12-08,Friday
2023-12-08 09:00:00,2023-12-08 10:00:00,121.48,Northern Italy,0.12148,9,2023-12-08,Friday
2023-12-08 10:00:00,2023-12-08 11:00:00,120.0,Northern Italy,0.12,10,2023-12-08,Friday
2023-12-08 11:00:00,2023-12-08 12:00:00,120.35,Northern Italy,0.12035,11,2023-12-08,Friday
2023-12-08 12:00:00,2023-12-08 13:00:00,120.29,Northern Italy,0.12029000000000001,12,2023-12-08,Friday
2023-12-08 13:00:00,2023-12-08 14:00:00,119.0,Northern Italy,0.119,13,2023-12-08,Friday
2023-12-08 14:00:00,2023-12-08 15:00:00,119.57,Northern Italy,0.11957,14,2023-12-08,Friday
2023-12-08 15:00:00,2023-12-08 16:00:00,123.37,Northern Italy,0.12337000000000001,15,2023-12-08,Friday
2023-12-08 16:00:00,2023-12-08 17:00:00,123.37,Northern Italy,0.12337000000000001,16,2023-12-08,Friday
2023-12-08 17:00:00,2023-12-08 18:00:00,133.07,Northern Italy,0.13307,17,2023-12-08,Friday
2023-12-08 18:00:00,2023-12-08 19:00:00,130.05,Northern Italy,0.13005,18,2023-12-08,Friday
2023-12-08 19:00:00,2023-12-08 20:00:00,136.5,Northern Italy,0.1365,19,2023-12-08,Friday
2023-12-08 20:00:00,2023-12-08 21:00:00,127.81,Northern Italy,0.12781,20,2023-12-08,Friday
2023-12-08 21:00:00,2023-12-08 22:00:00,122.41,Northern Italy,0.12240999999999999,21,2023-12-08,Friday
2023-12-08 22:00:00,2023-12-08 23:00:00,119.0,Northern Italy,0.119,22,2023-12-08,Friday
2023-12-08 23:00:00,2023-12-09 00:00:00,113.0,Northern Italy,0.113,23,2023-12-08,Friday
2023-12-06 00:00:00,2023-12-06 01:00:00,97.31,Norway 2,0.09731000000000001,0,2023-12-06,Wednesday
2023-12-06 01:00:00,2023-12-06 02:00:00,94.85,Norway 2,0.09484999999999999,1,2023-12-06,Wednesday
2023-12-06 02:00:00,2023-12-06 03:00:00,93.66,Norway 2,0.09366,2,2023-12-06,Wednesday
2023-12-06 03:00:00,2023-12-06 04:00:00,93.2,Norway 2,0.0932,3,2023-12-06,Wednesday
2023-12-06 04:00:00,2023-12-06 05:00:00,92.82,Norway 2,0.09282,4,2023-12-06,Wednesday
2023-12-06 05:00:00,2023-12-06 06:00:00,95.33,Norway 2,0.09533,5,2023-12-06,Wednesday
2023-12-06 06:00:00,2023-12-06 07:00:00,103.84,Norway 2,0.10384,6,2023-12-06,Wednesday
2023-12-06 07:00:00,2023-12-06 08:00:00,137.15,Norway 2,0.13715,7,2023-12-06,Wednesday
2023-12-06 08:00:00,2023-12-06 09:00:00,171.99,Norway 2,0.17199,8,2023-12-06,Wednesday
2023-12-06 09:00:00,2023-12-06 10:00:00,171.52,Norway 2,0.17152,9,2023-12-06,Wednesday
2023-12-06 10:00:00,2023-12-06 11:00:00,154.48,Norway 2,0.15447999999999998,10,2023-12-06,Wednesday
2023-12-06 11:00:00,2023-12-06 12:00:00,149.88,Norway 2,0.14987999999999999,11,2023-12-06,Wednesday
2023-12-06 12:00:00,2023-12-06 13:00:00,149.69,Norway 2,0.14969,12,2023-12-06,Wednesday
2023-12-06 13:00:00,2023-12-06 14:00:00,144.5,Norway 2,0.1445,13,2023-12-06,Wednesday
2023-12-06 14:00:00,2023-12-06 15:00:00,143.96,Norway 2,0.14396,14,2023-12-06,Wednesday
2023-12-06 15:00:00,2023-12-06 16:00:00,147.53,Norway 2,0.14753,15,2023-12-06,Wednesday
2023-12-06 16:00:00,2023-12-06 17:00:00,164.0,Norway 2,0.164,16,2023-12-06,Wednesday
2023-12-06 17:00:00,2023-12-06 18:00:00,173.24,Norway 2,0.17324,17,2023-12-06,Wednesday
2023-12-06 18:00:00,2023-12-06 19:00:00,160.16,Norway 2,0.16016,18,2023-12-06,Wednesday
2023-12-06 19:00:00,2023-12-06 20:00:00,145.58,Norway 2,0.14558000000000001,19,2023-12-06,Wednesday
2023-12-06 20:00:00,2023-12-06 21:00:00,126.14,Norway 2,0.12614,20,2023-12-06,Wednesday
2023-12-06 21:00:00,2023-12-06 22:00:00,112.33,Norway 2,0.11233,21,2023-12-06,Wednesday
2023-12-06 22:00:00,2023-12-06 23:00:00,104.0,Norway 2,0.104,22,2023-12-06,Wednesday
2023-12-06 23:00:00,2023-12-07 00:00:00,97.74,Norway 2,0.09774,23,2023-12-06,Wednesday
2023-12-07 00:00:00,2023-12-07 01:00:00,96.03,Norway 2,0.09603,0,2023-12-07,Thursday
2023-12-07 01:00:00,2023-12-07 02:00:00,94.81,Norway 2,0.09481,1,2023-12-07,Thursday
2023-12-07 02:00:00,2023-12-07 03:00:00,93.85,Norway 2,0.09384999999999999,2,2023-12-07,Thursday
2023-12-07 03:00:00,2023-12-07 04:00:00,89.99,Norway 2,0.08999,3,2023-12-07,Thursday
2023-12-07 04:00:00,2023-12-07 05:00:00,89.57,Norway 2,0.08957,4,2023-12-07,Thursday
2023-12-07 05:00:00,2023-12-07 06:00:00,93.39,Norway 2,0.09339,5,2023-12-07,Thursday
2023-12-07 06:00:00,2023-12-07 07:00:00,109.33,Norway 2,0.10933,6,2023-12-07,Thursday
2023-12-07 07:00:00,2023-12-07 08:00:00,127.41,Norway 2,0.12741,7,2023-12-07,Thursday
2023-12-07 08:00:00,2023-12-07 09:00:00,145.65,Norway 2,0.14565,8,2023-12-07,Thursday
2023-12-07 09:00:00,2023-12-07 10:00:00,133.98,Norway 2,0.13398,9,2023-12-07,Thursday
2023-12-07 10:00:00,2023-12-07 11:00:00,130.19,Norway 2,0.13019,10,2023-12-07,Thursday
2023-12-07 11:00:00,2023-12-07 12:00:00,133.89,Norway 2,0.13388999999999998,11,2023-12-07,Thursday
2023-12-07 12:00:00,2023-12-07 13:00:00,133.71,Norway 2,0.13371,12,2023-12-07,Thursday
2023-12-07 13:00:00,2023-12-07 14:00:00,134.07,Norway 2,0.13407,13,2023-12-07,Thursday
2023-12-07 14:00:00,2023-12-07 15:00:00,133.8,Norway 2,0.1338,14,2023-12-07,Thursday
2023-12-07 15:00:00,2023-12-07 16:00:00,133.74,Norway 2,0.13374,15,2023-12-07,Thursday
2023-12-07 16:00:00,2023-12-07 17:00:00,129.72,Norway 2,0.12972,16,2023-12-07,Thursday
2023-12-07 17:00:00,2023-12-07 18:00:00,124.86,Norway 2,0.12486,17,2023-12-07,Thursday
2023-12-07 18:00:00,2023-12-07 19:00:00,116.62,Norway 2,0.11662,18,2023-12-07,Thursday
2023-12-07 19:00:00,2023-12-07 20:00:00,100.91,Norway 2,0.10091,19,2023-12-07,Thursday
2023-12-07 20:00:00,2023-12-07 21:00:00,97.9,Norway 2,0.0979,20,2023-12-07,Thursday
2023-12-07 21:00:00,2023-12-07 22:00:00,94.19,Norway 2,0.09419,21,2023-12-07,Thursday
2023-12-07 22:00:00,2023-12-07 23:00:00,93.62,Norway 2,0.09362000000000001,22,2023-12-07,Thursday
2023-12-07 23:00:00,2023-12-08 00:00:00,87.08,Norway 2,0.08708,23,2023-12-07,Thursday
2023-12-08 00:00:00,2023-12-08 01:00:00,87.09,Norway 2,0.08709,0,2023-12-08,Friday
2023-12-08 01:00:00,2023-12-08 02:00:00,83.26,Norway 2,0.08326,1,2023-12-08,Friday
2023-12-08 02:00:00,2023-12-08 03:00:00,81.43,Norway 2,0.08143,2,2023-12-08,Friday
2023-12-08 03:00:00,2023-12-08 04:00:00,79.67,Norway 2,0.07967,3,2023-12-08,Friday
2023-12-08 04:00:00,2023-12-08 05:00:00,80.0,Norway 2,0.08,4,2023-12-08,Friday
2023-12-08 05:00:00,2023-12-08 06:00:00,87.04,Norway 2,0.08704,5,2023-12-08,Friday
2023-12-08 06:00:00,2023-12-08 07:00:00,96.8,Norway 2,0.0968,6,2023-12-08,Friday
2023-12-08 07:00:00,2023-12-08 08:00:00,104.18,Norway 2,0.10418000000000001,7,2023-12-08,Friday
2023-12-08 08:00:00,2023-12-08 09:00:00,112.65,Norway 2,0.11265,8,2023-12-08,Friday
2023-12-08 09:00:00,2023-12-08 10:00:00,118.52,Norway 2,0.11852,9,2023-12-08,Friday
2023-12-08 10:00:00,2023-12-08 11:00:00,118.75,Norway 2,0.11875,10,2023-12-08,Friday
2023-12-08 11:00:00,2023-12-08 12:00:00,117.25,Norway 2,0.11725,11,2023-12-08,Friday
2023-12-08 12:00:00,2023-12-08 13:00:00,116.66,Norway 2,0.11666,12,2023-12-08,Friday
2023-12-08 13:00:00,2023-12-08 14:00:00,111.78,Norway 2,0.11178,13,2023-12-08,Friday
2023-12-08 14:00:00,2023-12-08 15:00:00,109.6,Norway 2,0.10959999999999999,14,2023-12-08,Friday
2023-12-08 15:00:00,2023-12-08 16:00:00,114.67,Norway 2,0.11467000000000001,15,2023-12-08,Friday
2023-12-08 16:00:00,2023-12-08 17:00:00,111.41,Norway 2,0.11141,16,2023-12-08,Friday
2023-12-08 17:00:00,2023-12-08 18:00:00,114.34,Norway 2,0.11434,17,2023-12-08,Friday
2023-12-08 18:00:00,2023-12-08 19:00:00,114.92,Norway 2,0.11492000000000001,18,2023-12-08,Friday
2023-12-08 19:00:00,2023-12-08 20:00:00,102.34,Norway 2,0.10234,19,2023-12-08,Friday
2023-12-08 20:00:00,2023-12-08 21:00:00,101.32,Norway 2,0.10132,20,2023-12-08,Friday
2023-12-08 21:00:00,2023-12-08 22:00:00,97.98,Norway 2,0.09798,21,2023-12-08,Friday
2023-12-08 22:00:00,2023-12-08 23:00:00,96.61,Norway 2,0.09661,22,2023-12-08,Friday
2023-12-08 23:00:00,2023-12-09 00:00:00,89.99,Norway 2,0.08999,23,2023-12-08,Friday
2023-12-06 00:00:00,2023-12-06 01:00:00,94.97,Poland,0.09497,0,2023-12-06,Wednesday
2023-12-06 01:00:00,2023-12-06 02:00:00,93.1,Poland,0.09309999999999999,1,2023-12-06,Wednesday
2023-12-06 02:00:00,2023-12-06 03:00:00,92.57,Poland,0.09257,2,2023-12-06,Wednesday
2023-12-06 03:00:00,2023-12-06 04:00:00,90.96,Poland,0.09096,3,2023-12-06,Wednesday
2023-12-06 04:00:00,2023-12-06 05:00:00,90.59,Poland,0.09059,4,2023-12-06,Wednesday
2023-12-06 05:00:00,2023-12-06 06:00:00,93.89,Poland,0.09389,5,2023-12-06,Wednesday
2023-12-06 06:00:00,2023-12-06 07:00:00,111.7,Poland,0.11170000000000001,6,2023-12-06,Wednesday
2023-12-06 07:00:00,2023-12-06 08:00:00,131.52,Poland,0.13152,7,2023-12-06,Wednesday
2023-12-06 08:00:00,2023-12-06 09:00:00,147.38,Poland,0.14737999999999998,8,2023-12-06,Wednesday
2023-12-06 09:00:00,2023-12-06 10:00:00,147.97,Poland,0.14797,9,2023-12-06,Wednesday
2023-12-06 10:00:00,2023-12-06 11:00:00,148.9,Poland,0.1489,10,2023-12-06,Wednesday
2023-12-06 11:00:00,2023-12-06 12:00:00,146.29,Poland,0.14629,11,2023-12-06,Wednesday
2023-12-06 12:00:00,2023-12-06 13:00:00,147.13,Poland,0.14712999999999998,12,2023-12-06,Wednesday
2023-12-06 13:00:00,2023-12-06 14:00:00,144.5,Poland,0.1445,13,2023-12-06,Wednesday
2023-12-06 14:00:00,2023-12-06 15:00:00,142.29,Poland,0.14229,14,2023-12-06,Wednesday
2023-12-06 15:00:00,2023-12-06 16:00:00,143.99,Poland,0.14399,15,2023-12-06,Wednesday
2023-12-06 16:00:00,2023-12-06 17:00:00,151.95,Poland,0.15195,16,2023-12-06,Wednesday
2023-12-06 17:00:00,2023-12-06 18:00:00,149.01,Poland,0.14901,17,2023-12-06,Wednesday
2023-12-06 18:00:00,2023-12-06 19:00:00,144.41,Poland,0.14440999999999998,18,2023-12-06,Wednesday
2023-12-06 19:00:00,2023-12-06 20:00:00,139.15,Poland,0.13915,19,2023-12-06,Wednesday
2023-12-06 20:00:00,2023-12-06 21:00:00,129.91,Poland,0.12991,20,2023-12-06,Wednesday
2023-12-06 21:00:00,2023-12-06 22:00:00,115.68,Poland,0.11568,21,2023-12-06,Wednesday
2023-12-06 22:00:00,2023-12-06 23:00:00,107.33,Poland,0.10733,22,2023-12-06,Wednesday
2023-12-06 23:00:00,2023-12-07 00:00:00,100.44,Poland,0.10044,23,2023-12-06,Wednesday
2023-12-07 00:00:00,2023-12-07 01:00:00,99.2,Poland,0.0992,0,2023-12-07,Thursday
2023-12-07 01:00:00,2023-12-07 02:00:00,97.85,Poland,0.09784999999999999,1,2023-12-07,Thursday
2023-12-07 02:00:00,2023-12-07 03:00:00,96.86,Poland,0.09686,2,2023-12-07,Thursday
2023-12-07 03:00:00,2023-12-07 04:00:00,91.81,Poland,0.09181,3,2023-12-07,Thursday
2023-12-07 04:00:00,2023-12-07 05:00:00,89.92,Poland,0.08992,4,2023-12-07,Thursday
2023-12-07 05:00:00,2023-12-07 06:00:00,94.53,Poland,0.09453,5,2023-12-07,Thursday
2023-12-07 06:00:00,2023-12-07 07:00:00,116.9,Poland,0.1169,6,2023-12-07,Thursday
2023-12-07 07:00:00,2023-12-07 08:00:00,132.03,Poland,0.13203,7,2023-12-07,Thursday
2023-12-07 08:00:00,2023-12-07 09:00:00,150.0,Poland,0.15,8,2023-12-07,Thursday
2023-12-07 09:00:00,2023-12-07 10:00:00,137.7,Poland,0.1377,9,2023-12-07,Thursday
2023-12-07 10:00:00,2023-12-07 11:00:00,134.36,Poland,0.13436,10,2023-12-07,Thursday
2023-12-07 11:00:00,2023-12-07 12:00:00,138.17,Poland,0.13817,11,2023-12-07,Thursday
2023-12-07 12:00:00,2023-12-07 13:00:00,140.64,Poland,0.14064,12,2023-12-07,Thursday
2023-12-07 13:00:00,2023-12-07 14:00:00,138.35,Poland,0.13835,13,2023-12-07,Thursday
2023-12-07 14:00:00,2023-12-07 15:00:00,138.08,Poland,0.13808,14,2023-12-07,Thursday
2023-12-07 15:00:00,2023-12-07 16:00:00,138.02,Poland,0.13802,15,2023-12-07,Thursday
2023-12-07 16:00:00,2023-12-07 17:00:00,152.86,Poland,0.15286000000000002,16,2023-12-07,Thursday
2023-12-07 17:00:00,2023-12-07 18:00:00,149.28,Poland,0.14928,17,2023-12-07,Thursday
2023-12-07 18:00:00,2023-12-07 19:00:00,153.02,Poland,0.15302000000000002,18,2023-12-07,Thursday
2023-12-07 19:00:00,2023-12-07 20:00:00,159.09,Poland,0.15909,19,2023-12-07,Thursday
2023-12-07 20:00:00,2023-12-07 21:00:00,150.15,Poland,0.15015,20,2023-12-07,Thursday
2023-12-07 21:00:00,2023-12-07 22:00:00,127.48,Poland,0.12748,21,2023-12-07,Thursday
2023-12-07 22:00:00,2023-12-07 23:00:00,119.35,Poland,0.11935,22,2023-12-07,Thursday
2023-12-07 23:00:00,2023-12-08 00:00:00,87.08,Poland,0.08708,23,2023-12-07,Thursday
2023-12-08 00:00:00,2023-12-08 01:00:00,87.87,Poland,0.08787,0,2023-12-08,Friday
2023-12-08 01:00:00,2023-12-08 02:00:00,92.33,Poland,0.09233,1,2023-12-08,Friday
2023-12-08 02:00:00,2023-12-08 03:00:00,92.33,Poland,0.09233,2,2023-12-08,Friday
2023-12-08 03:00:00,2023-12-08 04:00:00,92.09,Poland,0.09209,3,2023-12-08,Friday
2023-12-08 04:00:00,2023-12-08 05:00:00,90.12,Poland,0.09012,4,2023-12-08,Friday
2023-12-08 05:00:00,2023-12-08 06:00:00,91.9,Poland,0.09190000000000001,5,2023-12-08,Friday
2023-12-08 06:00:00,2023-12-08 07:00:00,123.24,Poland,0.12323999999999999,6,2023-12-08,Friday
2023-12-08 07:00:00,2023-12-08 08:00:00,143.55,Poland,0.14355,7,2023-12-08,Friday
2023-12-08 08:00:00,2023-12-08 09:00:00,140.0,Poland,0.14,8,2023-12-08,Friday
2023-12-08 09:00:00,2023-12-08 10:00:00,131.57,Poland,0.13157,9,2023-12-08,Friday
2023-12-08 10:00:00,2023-12-08 11:00:00,124.32,Poland,0.12432,10,2023-12-08,Friday
2023-12-08 11:00:00,2023-12-08 12:00:00,128.05,Poland,0.12805000000000002,11,2023-12-08,Friday
2023-12-08 12:00:00,2023-12-08 13:00:00,130.42,Poland,0.13041999999999998,12,2023-12-08,Friday
2023-12-08 13:00:00,2023-12-08 14:00:00,138.56,Poland,0.13856,13,2023-12-08,Friday
2023-12-08 14:00:00,2023-12-08 15:00:00,132.65,Poland,0.13265000000000002,14,2023-12-08,Friday
2023-12-08 15:00:00,2023-12-08 16:00:00,129.37,Poland,0.12937,15,2023-12-08,Friday
2023-12-08 16:00:00,2023-12-08 17:00:00,136.21,Poland,0.13621,16,2023-12-08,Friday
2023-12-08 17:00:00,2023-12-08 18:00:00,129.24,Poland,0.12924000000000002,17,2023-12-08,Friday
2023-12-08 18:00:00,2023-12-08 19:00:00,118.6,Poland,0.1186,18,2023-12-08,Friday
2023-12-08 19:00:00,2023-12-08 20:00:00,134.43,Poland,0.13443,19,2023-12-08,Friday
2023-12-08 20:00:00,2023-12-08 21:00:00,115.41,Poland,0.11541,20,2023-12-08,Friday
2023-12-08 21:00:00,2023-12-08 22:00:00,101.12,Poland,0.10112,21,2023-12-08,Friday
2023-12-08 22:00:00,2023-12-08 23:00:00,101.58,Poland,0.10158,22,2023-12-08,Friday
2023-12-08 23:00:00,2023-12-09 00:00:00,90.58,Poland,0.09058,23,2023-12-08,Friday
2023-12-06 00:00:00,2023-12-06 01:00:00,94.97,Slovenia,0.09497,0,2023-12-06,Wednesday
2023-12-06 01:00:00,2023-12-06 02:00:00,93.1,Slovenia,0.09309999999999999,1,2023-12-06,Wednesday
2023-12-06 02:00:00,2023-12-06 03:00:00,92.57,Slovenia,0.09257,2,2023-12-06,Wednesday
2023-12-06 03:00:00,2023-12-06 04:00:00,90.96,Slovenia,0.09096,3,2023-12-06,Wednesday
2023-12-06 04:00:00,2023-12-06 05:00:00,90.59,Slovenia,0.09059,4,2023-12-06,Wednesday
2023-12-06 05:00:00,2023-12-06 06:00:00,93.89,Slovenia,0.09389,5,2023-12-06,Wednesday
2023-12-06 06:00:00,2023-12-06 07:00:00,108.54,Slovenia,0.10854000000000001,6,2023-12-06,Wednesday
2023-12-06 07:00:00,2023-12-06 08:00:00,133.77,Slovenia,0.13377,7,2023-12-06,Wednesday
2023-12-06 08:00:00,2023-12-06 09:00:00,167.0,Slovenia,0.167,8,2023-12-06,Wednesday
2023-12-06 09:00:00,2023-12-06 10:00:00,166.54,Slovenia,0.16654,9,2023-12-06,Wednesday
2023-12-06 10:00:00,2023-12-06 11:00:00,150.0,Slovenia,0.15,10,2023-12-06,Wednesday
2023-12-06 11:00:00,2023-12-06 12:00:00,146.29,Slovenia,0.14629,11,2023-12-06,Wednesday
2023-12-06 12:00:00,2023-12-06 13:00:00,143.86,Slovenia,0.14386000000000002,12,2023-12-06,Wednesday
2023-12-06 13:00:00,2023-12-06 14:00:00,139.49,Slovenia,0.13949,13,2023-12-06,Wednesday
2023-12-06 14:00:00,2023-12-06 15:00:00,140.22,Slovenia,0.14022,14,2023-12-06,Wednesday
2023-12-06 15:00:00,2023-12-06 16:00:00,143.99,Slovenia,0.14399,15,2023-12-06,Wednesday
2023-12-06 16:00:00,2023-12-06 17:00:00,164.0,Slovenia,0.164,16,2023-12-06,Wednesday
2023-12-06 17:00:00,2023-12-06 18:00:00,178.07,Slovenia,0.17807,17,2023-12-06,Wednesday
2023-12-06 18:00:00,2023-12-06 19:00:00,165.28,Slovenia,0.16528,18,2023-12-06,Wednesday
2023-12-06 19:00:00,2023-12-06 20:00:00,149.93,Slovenia,0.14993,19,2023-12-06,Wednesday
2023-12-06 20:00:00,2023-12-06 21:00:00,129.91,Slovenia,0.12991,20,2023-12-06,Wednesday
2023-12-06 21:00:00,2023-12-06 22:00:00,115.68,Slovenia,0.11568,21,2023-12-06,Wednesday
2023-12-06 22:00:00,2023-12-06 23:00:00,107.33,Slovenia,0.10733,22,2023-12-06,Wednesday
2023-12-06 23:00:00,2023-12-07 00:00:00,100.44,Slovenia,0.10044,23,2023-12-06,Wednesday
2023-12-07 00:00:00,2023-12-07 01:00:00,99.2,Slovenia,0.0992,0,2023-12-07,Thursday
2023-12-07 01:00:00,2023-12-07 02:00:00,97.85,Slovenia,0.09784999999999999,1,2023-12-07,Thursday
2023-12-07 02:00:00,2023-12-07 03:00:00,96.86,Slovenia,0.09686,2,2023-12-07,Thursday
2023-12-07 03:00:00,2023-12-07 04:00:00,91.81,Slovenia,0.09181,3,2023-12-07,Thursday
2023-12-07 04:00:00,2023-12-07 05:00:00,89.92,Slovenia,0.08992,4,2023-12-07,Thursday
2023-12-07 05:00:00,2023-12-07 06:00:00,94.53,Slovenia,0.09453,5,2023-12-07,Thursday
2023-12-07 06:00:00,2023-12-07 07:00:00,114.85,Slovenia,0.11485,6,2023-12-07,Thursday
2023-12-07 07:00:00,2023-12-07 08:00:00,131.12,Slovenia,0.13112000000000001,7,2023-12-07,Thursday
2023-12-07 08:00:00,2023-12-07 09:00:00,150.0,Slovenia,0.15,8,2023-12-07,Thursday
2023-12-07 09:00:00,2023-12-07 10:00:00,137.7,Slovenia,0.1377,9,2023-12-07,Thursday
2023-12-07 10:00:00,2023-12-07 11:00:00,131.84,Slovenia,0.13184,10,2023-12-07,Thursday
2023-12-07 11:00:00,2023-12-07 12:00:00,132.44,Slovenia,0.13244,11,2023-12-07,Thursday
2023-12-07 12:00:00,2023-12-07 13:00:00,132.12,Slovenia,0.13212000000000002,12,2023-12-07,Thursday
2023-12-07 13:00:00,2023-12-07 14:00:00,129.7,Slovenia,0.12969999999999998,13,2023-12-07,Thursday
2023-12-07 14:00:00,2023-12-07 15:00:00,129.05,Slovenia,0.12905,14,2023-12-07,Thursday
2023-12-07 15:00:00,2023-12-07 16:00:00,129.12,Slovenia,0.12912,15,2023-12-07,Thursday
2023-12-07 16:00:00,2023-12-07 17:00:00,134.0,Slovenia,0.134,16,2023-12-07,Thursday
2023-12-07 17:00:00,2023-12-07 18:00:00,131.17,Slovenia,0.13116999999999998,17,2023-12-07,Thursday
2023-12-07 18:00:00,2023-12-07 19:00:00,130.68,Slovenia,0.13068000000000002,18,2023-12-07,Thursday
2023-12-07 19:00:00,2023-12-07 20:00:00,121.88,Slovenia,0.12188,19,2023-12-07,Thursday
2023-12-07 20:00:00,2023-12-07 21:00:00,116.24,Slovenia,0.11624,20,2023-12-07,Thursday
2023-12-07 21:00:00,2023-12-07 22:00:00,107.38,Slovenia,0.10737999999999999,21,2023-12-07,Thursday
2023-12-07 22:00:00,2023-12-07 23:00:00,103.42,Slovenia,0.10342,22,2023-12-07,Thursday
2023-12-07 23:00:00,2023-12-08 00:00:00,87.08,Slovenia,0.08708,23,2023-12-07,Thursday
2023-12-08 00:00:00,2023-12-08 01:00:00,87.09,Slovenia,0.08709,0,2023-12-08,Friday
2023-12-08 01:00:00,2023-12-08 02:00:00,83.26,Slovenia,0.08326,1,2023-12-08,Friday
2023-12-08 02:00:00,2023-12-08 03:00:00,81.43,Slovenia,0.08143,2,2023-12-08,Friday
2023-12-08 03:00:00,2023-12-08 04:00:00,79.52,Slovenia,0.07952,3,2023-12-08,Friday
2023-12-08 04:00:00,2023-12-08 05:00:00,80.0,Slovenia,0.08,4,2023-12-08,Friday
2023-12-08 05:00:00,2023-12-08 06:00:00,87.04,Slovenia,0.08704,5,2023-12-08,Friday
2023-12-08 06:00:00,2023-12-08 07:00:00,107.2,Slovenia,0.1072,6,2023-12-08,Friday
2023-12-08 07:00:00,2023-12-08 08:00:00,116.61,Slovenia,0.11661,7,2023-12-08,Friday
2023-12-08 08:00:00,2023-12-08 09:00:00,120.13,Slovenia,0.12013,8,2023-12-08,Friday
2023-12-08 09:00:00,2023-12-08 10:00:00,122.54,Slovenia,0.12254000000000001,9,2023-12-08,Friday
2023-12-08 10:00:00,2023-12-08 11:00:00,120.41,Slovenia,0.12041,10,2023-12-08,Friday
2023-12-08 11:00:00,2023-12-08 12:00:00,120.67,Slovenia,0.12067,11,2023-12-08,Friday
2023-12-08 12:00:00,2023-12-08 13:00:00,120.29,Slovenia,0.12029000000000001,12,2023-12-08,Friday
2023-12-08 13:00:00,2023-12-08 14:00:00,118.84,Slovenia,0.11884,13,2023-12-08,Friday
2023-12-08 14:00:00,2023-12-08 15:00:00,119.53,Slovenia,0.11953,14,2023-12-08,Friday
2023-12-08 15:00:00,2023-12-08 16:00:00,118.19,Slovenia,0.11819,15,2023-12-08,Friday
2023-12-08 16:00:00,2023-12-08 17:00:00,118.99,Slovenia,0.11899,16,2023-12-08,Friday
2023-12-08 17:00:00,2023-12-08 18:00:00,120.96,Slovenia,0.12096,17,2023-12-08,Friday
2023-12-08 18:00:00,2023-12-08 19:00:00,118.6,Slovenia,0.1186,18,2023-12-08,Friday
2023-12-08 19:00:00,2023-12-08 20:00:00,114.82,Slovenia,0.11481999999999999,19,2023-12-08,Friday
2023-12-08 20:00:00,2023-12-08 21:00:00,108.06,Slovenia,0.10806,20,2023-12-08,Friday
2023-12-08 21:00:00,2023-12-08 22:00:00,101.12,Slovenia,0.10112,21,2023-12-08,Friday
2023-12-08 22:00:00,2023-12-08 23:00:00,101.19,Slovenia,0.10119,22,2023-12-08,Friday
2023-12-08 23:00:00,2023-12-09 00:00:00,90.58,Slovenia,0.09058,23,2023-12-08,Friday
2023-12-06 00:00:00,2023-12-06 01:00:00,97.31,Sweden 4,0.09731000000000001,0,2023-12-06,Wednesday
2023-12-06 01:00:00,2023-12-06 02:00:00,94.85,Sweden 4,0.09484999999999999,1,2023-12-06,Wednesday
2023-12-06 02:00:00,2023-12-06 03:00:00,93.66,Sweden 4,0.09366,2,2023-12-06,Wednesday
2023-12-06 03:00:00,2023-12-06 04:00:00,93.2,Sweden 4,0.0932,3,2023-12-06,Wednesday
2023-12-06 04:00:00,2023-12-06 05:00:00,92.82,Sweden 4,0.09282,4,2023-12-06,Wednesday
2023-12-06 05:00:00,2023-12-06 06:00:00,95.33,Sweden 4,0.09533,5,2023-12-06,Wednesday
2023-12-06 06:00:00,2023-12-06 07:00:00,106.94,Sweden 4,0.10694,6,2023-12-06,Wednesday
2023-12-06 07:00:00,2023-12-06 08:00:00,137.15,Sweden 4,0.13715,7,2023-12-06,Wednesday
2023-12-06 08:00:00,2023-12-06 09:00:00,171.99,Sweden 4,0.17199,8,2023-12-06,Wednesday
2023-12-06 09:00:00,2023-12-06 10:00:00,171.52,Sweden 4,0.17152,9,2023-12-06,Wednesday
2023-12-06 10:00:00,2023-12-06 11:00:00,154.48,Sweden 4,0.15447999999999998,10,2023-12-06,Wednesday
2023-12-06 11:00:00,2023-12-06 12:00:00,149.88,Sweden 4,0.14987999999999999,11,2023-12-06,Wednesday
2023-12-06 12:00:00,2023-12-06 13:00:00,149.69,Sweden 4,0.14969,12,2023-12-06,Wednesday
2023-12-06 13:00:00,2023-12-06 14:00:00,144.5,Sweden 4,0.1445,13,2023-12-06,Wednesday
2023-12-06 14:00:00,2023-12-06 15:00:00,143.96,Sweden 4,0.14396,14,2023-12-06,Wednesday
2023-12-06 15:00:00,2023-12-06 16:00:00,147.53,Sweden 4,0.14753,15,2023-12-06,Wednesday
2023-12-06 16:00:00,2023-12-06 17:00:00,164.0,Sweden 4,0.164,16,2023-12-06,Wednesday
2023-12-06 17:00:00,2023-12-06 18:00:00,178.07,Sweden 4,0.17807,17,2023-12-06,Wednesday
2023-12-06 18:00:00,2023-12-06 19:00:00,165.28,Sweden 4,0.16528,18,2023-12-06,Wednesday
2023-12-06 19:00:00,2023-12-06 20:00:00,149.93,Sweden 4,0.14993,19,2023-12-06,Wednesday
2023-12-06 20:00:00,2023-12-06 21:00:00,129.91,Sweden 4,0.12991,20,2023-12-06,Wednesday
2023-12-06 21:00:00,2023-12-06 22:00:00,115.68,Sweden 4,0.11568,21,2023-12-06,Wednesday
2023-12-06 22:00:00,2023-12-06 23:00:00,104.75,Sweden 4,0.10475,22,2023-12-06,Wednesday
2023-12-06 23:00:00,2023-12-07 00:00:00,98.03,Sweden 4,0.09803,23,2023-12-06,Wednesday
2023-12-07 00:00:00,2023-12-07 01:00:00,96.82,Sweden 4,0.09681999999999999,0,2023-12-07,Thursday
2023-12-07 01:00:00,2023-12-07 02:00:00,95.5,Sweden 4,0.0955,1,2023-12-07,Thursday
2023-12-07 02:00:00,2023-12-07 03:00:00,94.53,Sweden 4,0.09453,2,2023-12-07,Thursday
2023-12-07 03:00:00,2023-12-07 04:00:00,89.99,Sweden 4,0.08999,3,2023-12-07,Thursday
2023-12-07 04:00:00,2023-12-07 05:00:00,89.57,Sweden 4,0.08957,4,2023-12-07,Thursday
2023-12-07 05:00:00,2023-12-07 06:00:00,93.39,Sweden 4,0.09339,5,2023-12-07,Thursday
2023-12-07 06:00:00,2023-12-07 07:00:00,116.58,Sweden 4,0.11658,6,2023-12-07,Thursday
2023-12-07 07:00:00,2023-12-07 08:00:00,131.22,Sweden 4,0.13122,7,2023-12-07,Thursday
2023-12-07 08:00:00,2023-12-07 09:00:00,150.0,Sweden 4,0.15,8,2023-12-07,Thursday
2023-12-07 09:00:00,2023-12-07 10:00:00,137.7,Sweden 4,0.1377,9,2023-12-07,Thursday
2023-12-07 10:00:00,2023-12-07 11:00:00,134.36,Sweden 4,0.13436,10,2023-12-07,Thursday
2023-12-07 11:00:00,2023-12-07 12:00:00,138.17,Sweden 4,0.13817,11,2023-12-07,Thursday
2023-12-07 12:00:00,2023-12-07 13:00:00,137.99,Sweden 4,0.13799,12,2023-12-07,Thursday
2023-12-07 13:00:00,2023-12-07 14:00:00,138.35,Sweden 4,0.13835,13,2023-12-07,Thursday
2023-12-07 14:00:00,2023-12-07 15:00:00,138.08,Sweden 4,0.13808,14,2023-12-07,Thursday
2023-12-07 15:00:00,2023-12-07 16:00:00,138.02,Sweden 4,0.13802,15,2023-12-07,Thursday
2023-12-07 16:00:00,2023-12-07 17:00:00,133.87,Sweden 4,0.13387000000000002,16,2023-12-07,Thursday
2023-12-07 17:00:00,2023-12-07 18:00:00,128.59,Sweden 4,0.12859,17,2023-12-07,Thursday
2023-12-07 18:00:00,2023-12-07 19:00:00,120.35,Sweden 4,0.12035,18,2023-12-07,Thursday
2023-12-07 19:00:00,2023-12-07 20:00:00,104.14,Sweden 4,0.10414,19,2023-12-07,Thursday
2023-12-07 20:00:00,2023-12-07 21:00:00,100.36,Sweden 4,0.10036,20,2023-12-07,Thursday
2023-12-07 21:00:00,2023-12-07 22:00:00,97.0,Sweden 4,0.097,21,2023-12-07,Thursday
2023-12-07 22:00:00,2023-12-07 23:00:00,96.42,Sweden 4,0.09642,22,2023-12-07,Thursday
2023-12-07 23:00:00,2023-12-08 00:00:00,87.08,Sweden 4,0.08708,23,2023-12-07,Thursday
2023-12-08 00:00:00,2023-12-08 01:00:00,87.09,Sweden 4,0.08709,0,2023-12-08,Friday
2023-12-08 01:00:00,2023-12-08 02:00:00,83.26,Sweden 4,0.08326,1,2023-12-08,Friday
2023-12-08 02:00:00,2023-12-08 03:00:00,81.43,Sweden 4,0.08143,2,2023-12-08,Friday
2023-12-08 03:00:00,2023-12-08 04:00:00,79.52,Sweden 4,0.07952,3,2023-12-08,Friday
2023-12-08 04:00:00,2023-12-08 05:00:00,80.0,Sweden 4,0.08,4,2023-12-08,Friday
2023-12-08 05:00:00,2023-12-08 06:00:00,87.04,Sweden 4,0.08704,5,2023-12-08,Friday
2023-12-08 06:00:00,2023-12-08 07:00:00,99.69,Sweden 4,0.09969,6,2023-12-08,Friday
2023-12-08 07:00:00,2023-12-08 08:00:00,107.29,Sweden 4,0.10729000000000001,7,2023-12-08,Friday
2023-12-08 08:00:00,2023-12-08 09:00:00,112.65,Sweden 4,0.11265,8,2023-12-08,Friday
2023-12-08 09:00:00,2023-12-08 10:00:00,118.52,Sweden 4,0.11852,9,2023-12-08,Friday
2023-12-08 10:00:00,2023-12-08 11:00:00,118.75,Sweden 4,0.11875,10,2023-12-08,Friday
2023-12-08 11:00:00,2023-12-08 12:00:00,118.02,Sweden 4,0.11802,11,2023-12-08,Friday
2023-12-08 12:00:00,2023-12-08 13:00:00,116.66,Sweden 4,0.11666,12,2023-12-08,Friday
2023-12-08 13:00:00,2023-12-08 14:00:00,111.78,Sweden 4,0.11178,13,2023-12-08,Friday
2023-12-08 14:00:00,2023-12-08 15:00:00,112.87,Sweden 4,0.11287,14,2023-12-08,Friday
2023-12-08 15:00:00,2023-12-08 16:00:00,115.75,Sweden 4,0.11575,15,2023-12-08,Friday
2023-12-08 16:00:00,2023-12-08 17:00:00,113.35,Sweden 4,0.11334999999999999,16,2023-12-08,Friday
2023-12-08 17:00:00,2023-12-08 18:00:00,117.63,Sweden 4,0.11763,17,2023-12-08,Friday
2023-12-08 18:00:00,2023-12-08 19:00:00,115.75,Sweden 4,0.11575,18,2023-12-08,Friday
2023-12-08 19:00:00,2023-12-08 20:00:00,103.03,Sweden 4,0.10303,19,2023-12-08,Friday
2023-12-08 20:00:00,2023-12-08 21:00:00,94.9,Sweden 4,0.09490000000000001,20,2023-12-08,Friday
2023-12-08 21:00:00,2023-12-08 22:00:00,82.44,Sweden 4,0.08244,21,2023-12-08,Friday
2023-12-08 22:00:00,2023-12-08 23:00:00,73.22,Sweden 4,0.07322,22,2023-12-08,Friday
2023-12-08 23:00:00,2023-12-09 00:00:00,69.99,Sweden 4,0.06999,23,2023-12-08,Friday
2023-12-06 00:00:00,2023-12-06 01:00:00,104.45,Switzerland,0.10445,0,2023-12-06,Wednesday
2023-12-06 01:00:00,2023-12-06 02:00:00,100.41,Switzerland,0.10041,1,2023-12-06,Wednesday
2023-12-06 02:00:00,2023-12-06 03:00:00,97.3,Switzerland,0.0973,2,2023-12-06,Wednesday
2023-12-06 03:00:00,2023-12-06 04:00:00,97.05,Switzerland,0.09705,3,2023-12-06,Wednesday
2023-12-06 04:00:00,2023-12-06 05:00:00,96.35,Switzerland,0.09634999999999999,4,2023-12-06,Wednesday
2023-12-06 05:00:00,2023-12-06 06:00:00,101.31,Switzerland,0.10131,5,2023-12-06,Wednesday
2023-12-06 06:00:00,2023-12-06 07:00:00,119.78,Switzerland,0.11978,6,2023-12-06,Wednesday
2023-12-06 07:00:00,2023-12-06 08:00:00,138.31,Switzerland,0.13831,7,2023-12-06,Wednesday
2023-12-06 08:00:00,2023-12-06 09:00:00,167.05,Switzerland,0.16705,8,2023-12-06,Wednesday
2023-12-06 09:00:00,2023-12-06 10:00:00,167.54,Switzerland,0.16754,9,2023-12-06,Wednesday
2023-12-06 10:00:00,2023-12-06 11:00:00,157.89,Switzerland,0.15788999999999997,10,2023-12-06,Wednesday
2023-12-06 11:00:00,2023-12-06 12:00:00,149.39,Switzerland,0.14939,11,2023-12-06,Wednesday
2023-12-06 12:00:00,2023-12-06 13:00:00,141.85,Switzerland,0.14185,12,2023-12-06,Wednesday
2023-12-06 13:00:00,2023-12-06 14:00:00,141.19,Switzerland,0.14119,13,2023-12-06,Wednesday
2023-12-06 14:00:00,2023-12-06 15:00:00,140.85,Switzerland,0.14085,14,2023-12-06,Wednesday
2023-12-06 15:00:00,2023-12-06 16:00:00,149.51,Switzerland,0.14951,15,2023-12-06,Wednesday
2023-12-06 16:00:00,2023-12-06 17:00:00,162.9,Switzerland,0.16290000000000002,16,2023-12-06,Wednesday
2023-12-06 17:00:00,2023-12-06 18:00:00,188.63,Switzerland,0.18863,17,2023-12-06,Wednesday
2023-12-06 18:00:00,2023-12-06 19:00:00,181.14,Switzerland,0.18114,18,2023-12-06,Wednesday
2023-12-06 19:00:00,2023-12-06 20:00:00,159.3,Switzerland,0.15930000000000002,19,2023-12-06,Wednesday
2023-12-06 20:00:00,2023-12-06 21:00:00,135.16,Switzerland,0.13516,20,2023-12-06,Wednesday
2023-12-06 21:00:00,2023-12-06 22:00:00,120.86,Switzerland,0.12086,21,2023-12-06,Wednesday
2023-12-06 22:00:00,2023-12-06 23:00:00,114.97,Switzerland,0.11497,22,2023-12-06,Wednesday
2023-12-06 23:00:00,2023-12-07 00:00:00,105.86,Switzerland,0.10586,23,2023-12-06,Wednesday
2023-12-07 00:00:00,2023-12-07 01:00:00,101.06,Switzerland,0.10106,0,2023-12-07,Thursday
2023-12-07 01:00:00,2023-12-07 02:00:00,98.24,Switzerland,0.09824,1,2023-12-07,Thursday
2023-12-07 02:00:00,2023-12-07 03:00:00,97.78,Switzerland,0.09778,2,2023-12-07,Thursday
2023-12-07 03:00:00,2023-12-07 04:00:00,97.25,Switzerland,0.09725,3,2023-12-07,Thursday
2023-12-07 04:00:00,2023-12-07 05:00:00,96.44,Switzerland,0.09644,4,2023-12-07,Thursday
2023-12-07 05:00:00,2023-12-07 06:00:00,105.65,Switzerland,0.10565000000000001,5,2023-12-07,Thursday
2023-12-07 06:00:00,2023-12-07 07:00:00,115.81,Switzerland,0.11581,6,2023-12-07,Thursday
2023-12-07 07:00:00,2023-12-07 08:00:00,131.76,Switzerland,0.13176,7,2023-12-07,Thursday
2023-12-07 08:00:00,2023-12-07 09:00:00,153.31,Switzerland,0.15331,8,2023-12-07,Thursday
2023-12-07 09:00:00,2023-12-07 10:00:00,143.83,Switzerland,0.14383,9,2023-12-07,Thursday
2023-12-07 10:00:00,2023-12-07 11:00:00,134.22,Switzerland,0.13422,10,2023-12-07,Thursday
2023-12-07 11:00:00,2023-12-07 12:00:00,132.28,Switzerland,0.13228,11,2023-12-07,Thursday
2023-12-07 12:00:00,2023-12-07 13:00:00,127.44,Switzerland,0.12744,12,2023-12-07,Thursday
2023-12-07 13:00:00,2023-12-07 14:00:00,123.96,Switzerland,0.12395999999999999,13,2023-12-07,Thursday
2023-12-07 14:00:00,2023-12-07 15:00:00,129.06,Switzerland,0.12906,14,2023-12-07,Thursday
2023-12-07 15:00:00,2023-12-07 16:00:00,130.61,Switzerland,0.13061,15,2023-12-07,Thursday
2023-12-07 16:00:00,2023-12-07 17:00:00,130.61,Switzerland,0.13061,16,2023-12-07,Thursday
2023-12-07 17:00:00,2023-12-07 18:00:00,129.44,Switzerland,0.12944,17,2023-12-07,Thursday
2023-12-07 18:00:00,2023-12-07 19:00:00,123.67,Switzerland,0.12367,18,2023-12-07,Thursday
2023-12-07 19:00:00,2023-12-07 20:00:00,119.9,Switzerland,0.1199,19,2023-12-07,Thursday
2023-12-07 20:00:00,2023-12-07 21:00:00,112.03,Switzerland,0.11203,20,2023-12-07,Thursday
2023-12-07 21:00:00,2023-12-07 22:00:00,113.86,Switzerland,0.11386,21,2023-12-07,Thursday
2023-12-07 22:00:00,2023-12-07 23:00:00,111.98,Switzerland,0.11198000000000001,22,2023-12-07,Thursday
2023-12-07 23:00:00,2023-12-08 00:00:00,106.29,Switzerland,0.10629000000000001,23,2023-12-07,Thursday
2023-12-08 00:00:00,2023-12-08 01:00:00,102.76,Switzerland,0.10276,0,2023-12-08,Friday
2023-12-08 01:00:00,2023-12-08 02:00:00,101.22,Switzerland,0.10122,1,2023-12-08,Friday
2023-12-08 02:00:00,2023-12-08 03:00:00,98.53,Switzerland,0.09853,2,2023-12-08,Friday
2023-12-08 03:00:00,2023-12-08 04:00:00,99.41,Switzerland,0.09941,3,2023-12-08,Friday
2023-12-08 04:00:00,2023-12-08 05:00:00,97.99,Switzerland,0.09799,4,2023-12-08,Friday
2023-12-08 05:00:00,2023-12-08 06:00:00,101.78,Switzerland,0.10178,5,2023-12-08,Friday
2023-12-08 06:00:00,2023-12-08 07:00:00,109.5,Switzerland,0.1095,6,2023-12-08,Friday
2023-12-08 07:00:00,2023-12-08 08:00:00,114.0,Switzerland,0.114,7,2023-12-08,Friday
2023-12-08 08:00:00,2023-12-08 09:00:00,116.88,Switzerland,0.11688,8,2023-12-08,Friday
2023-12-08 09:00:00,2023-12-08 10:00:00,117.36,Switzerland,0.11736,9,2023-12-08,Friday
2023-12-08 10:00:00,2023-12-08 11:00:00,117.42,Switzerland,0.11742,10,2023-12-08,Friday
2023-12-08 11:00:00,2023-12-08 12:00:00,116.89,Switzerland,0.11689,11,2023-12-08,Friday
2023-12-08 12:00:00,2023-12-08 13:00:00,113.22,Switzerland,0.11322,12,2023-12-08,Friday
2023-12-08 13:00:00,2023-12-08 14:00:00,112.97,Switzerland,0.11297,13,2023-12-08,Friday
2023-12-08 14:00:00,2023-12-08 15:00:00,112.99,Switzerland,0.11299,14,2023-12-08,Friday
2023-12-08 15:00:00,2023-12-08 16:00:00,112.97,Switzerland,0.11297,15,2023-12-08,Friday
2023-12-08 16:00:00,2023-12-08 17:00:00,114.57,Switzerland,0.11456999999999999,16,2023-12-08,Friday
2023-12-08 17:00:00,2023-12-08 18:00:00,119.85,Switzerland,0.11985,17,2023-12-08,Friday
2023-12-08 18:00:00,2023-12-08 19:00:00,119.83,Switzerland,0.11982999999999999,18,2023-12-08,Friday
2023-12-08 19:00:00,2023-12-08 20:00:00,115.69,Switzerland,0.11569,19,2023-12-08,Friday
2023-12-08 20:00:00,2023-12-08 21:00:00,111.68,Switzerland,0.11168,20,2023-12-08,Friday
2023-12-08 21:00:00,2023-12-08 22:00:00,108.72,Switzerland,0.10872,21,2023-12-08,Friday
2023-12-08 22:00:00,2023-12-08 23:00:00,107.75,Switzerland,0.10775,22,2023-12-08,Friday
2023-12-08 23:00:00,2023-12-09 00:00:00,106.43,Switzerland,0.10643000000000001,23,2023-12-08,Friday
2023-12-06 00:00:00,2023-12-06 01:00:00,96.47,∅ DE/LU neighbours,0.09647,0,2023-12-06,Wednesday
2023-12-06 01:00:00,2023-12-06 02:00:00,94.24,∅ DE/LU neighbours,0.09423999999999999,1,2023-12-06,Wednesday
2023-12-06 02:00:00,2023-12-06 03:00:00,93.3,∅ DE/LU neighbours,0.0933,2,2023-12-06,Wednesday
2023-12-06 03:00:00,2023-12-06 04:00:00,92.12,∅ DE/LU neighbours,0.09212000000000001,3,2023-12-06,Wednesday
2023-12-06 04:00:00,2023-12-06 05:00:00,91.72,∅ DE/LU neighbours,0.09172,4,2023-12-06,Wednesday
2023-12-06 05:00:00,2023-12-06 06:00:00,94.96,∅ DE/LU neighbours,0.09495999999999999,5,2023-12-06,Wednesday
2023-12-06 06:00:00,2023-12-06 07:00:00,108.45,∅ DE/LU neighbours,0.10845,6,2023-12-06,Wednesday
2023-12-06 07:00:00,2023-12-06 08:00:00,134.78,∅ DE/LU neighbours,0.13478,7,2023-12-06,Wednesday
2023-12-06 08:00:00,2023-12-06 09:00:00,166.58,∅ DE/LU neighbours,0.16658,8,2023-12-06,Wednesday
2023-12-06 09:00:00,2023-12-06 10:00:00,166.3,∅ DE/LU neighbours,0.1663,9,2023-12-06,Wednesday
2023-12-06 10:00:00,2023-12-06 11:00:00,151.84,∅ DE/LU neighbours,0.15184,10,2023-12-06,Wednesday
2023-12-06 11:00:00,2023-12-06 12:00:00,147.55,∅ DE/LU neighbours,0.14755000000000001,11,2023-12-06,Wednesday
2023-12-06 12:00:00,2023-12-06 13:00:00,142.02,∅ DE/LU neighbours,0.14202,12,2023-12-06,Wednesday
2023-12-06 13:00:00,2023-12-06 14:00:00,137.09,∅ DE/LU neighbours,0.13709,13,2023-12-06,Wednesday
2023-12-06 14:00:00,2023-12-06 15:00:00,139.91,∅ DE/LU neighbours,0.13991,14,2023-12-06,Wednesday
2023-12-06 15:00:00,2023-12-06 16:00:00,145.46,∅ DE/LU neighbours,0.14546,15,2023-12-06,Wednesday
2023-12-06 16:00:00,2023-12-06 17:00:00,162.8,∅ DE/LU neighbours,0.1628,16,2023-12-06,Wednesday
2023-12-06 17:00:00,2023-12-06 18:00:00,175.95,∅ DE/LU neighbours,0.17595,17,2023-12-06,Wednesday
2023-12-06 18:00:00,2023-12-06 19:00:00,164.36,∅ DE/LU neighbours,0.16436,18,2023-12-06,Wednesday
2023-12-06 19:00:00,2023-12-06 20:00:00,149.41,∅ DE/LU neighbours,0.14941,19,2023-12-06,Wednesday
2023-12-06 20:00:00,2023-12-06 21:00:00,130.04,∅ DE/LU neighbours,0.13004,20,2023-12-06,Wednesday
2023-12-06 21:00:00,2023-12-06 22:00:00,115.85,∅ DE/LU neighbours,0.11585,21,2023-12-06,Wednesday
2023-12-06 22:00:00,2023-12-06 23:00:00,107.49,∅ DE/LU neighbours,0.10748999999999999,22,2023-12-06,Wednesday
2023-12-06 23:00:00,2023-12-07 00:00:00,100.47,∅ DE/LU neighbours,0.10047,23,2023-12-06,Wednesday
2023-12-07 00:00:00,2023-12-07 01:00:00,98.86,∅ DE/LU neighbours,0.09886,0,2023-12-07,Thursday
2023-12-07 01:00:00,2023-12-07 02:00:00,97.4,∅ DE/LU neighbours,0.0974,1,2023-12-07,Thursday
2023-12-07 02:00:00,2023-12-07 03:00:00,96.46,∅ DE/LU neighbours,0.09645999999999999,2,2023-12-07,Thursday
2023-12-07 03:00:00,2023-12-07 04:00:00,91.97,∅ DE/LU neighbours,0.09197,3,2023-12-07,Thursday
2023-12-07 04:00:00,2023-12-07 05:00:00,90.45,∅ DE/LU neighbours,0.09045,4,2023-12-07,Thursday
2023-12-07 05:00:00,2023-12-07 06:00:00,95.33,∅ DE/LU neighbours,0.09533,5,2023-12-07,Thursday
2023-12-07 06:00:00,2023-12-07 07:00:00,112.46,∅ DE/LU neighbours,0.11245999999999999,6,2023-12-07,Thursday
2023-12-07 07:00:00,2023-12-07 08:00:00,130.45,∅ DE/LU neighbours,0.13044999999999998,7,2023-12-07,Thursday
2023-12-07 08:00:00,2023-12-07 09:00:00,149.91,∅ DE/LU neighbours,0.14991,8,2023-12-07,Thursday
2023-12-07 09:00:00,2023-12-07 10:00:00,137.92,∅ DE/LU neighbours,0.13792,9,2023-12-07,Thursday
2023-12-07 10:00:00,2023-12-07 11:00:00,129.35,∅ DE/LU neighbours,0.12935,10,2023-12-07,Thursday
2023-12-07 11:00:00,2023-12-07 12:00:00,127.42,∅ DE/LU neighbours,0.12742,11,2023-12-07,Thursday
2023-12-07 12:00:00,2023-12-07 13:00:00,124.57,∅ DE/LU neighbours,0.12456999999999999,12,2023-12-07,Thursday
2023-12-07 13:00:00,2023-12-07 14:00:00,123.3,∅ DE/LU neighbours,0.12329999999999999,13,2023-12-07,Thursday
2023-12-07 14:00:00,2023-12-07 15:00:00,123.68,∅ DE/LU neighbours,0.12368000000000001,14,2023-12-07,Thursday
2023-12-07 15:00:00,2023-12-07 16:00:00,125.58,∅ DE/LU neighbours,0.12558,15,2023-12-07,Thursday
2023-12-07 16:00:00,2023-12-07 17:00:00,126.98,∅ DE/LU neighbours,0.12698,16,2023-12-07,Thursday
2023-12-07 17:00:00,2023-12-07 18:00:00,127.78,∅ DE/LU neighbours,0.12778,17,2023-12-07,Thursday
2023-12-07 18:00:00,2023-12-07 19:00:00,125.01,∅ DE/LU neighbours,0.12501,18,2023-12-07,Thursday
2023-12-07 19:00:00,2023-12-07 20:00:00,112.43,∅ DE/LU neighbours,0.11243,19,2023-12-07,Thursday
2023-12-07 20:00:00,2023-12-07 21:00:00,107.66,∅ DE/LU neighbours,0.10765999999999999,20,2023-12-07,Thursday
2023-12-07 21:00:00,2023-12-07 22:00:00,102.54,∅ DE/LU neighbours,0.10254,21,2023-12-07,Thursday
2023-12-07 22:00:00,2023-12-07 23:00:00,100.59,∅ DE/LU neighbours,0.10059,22,2023-12-07,Thursday
2023-12-07 23:00:00,2023-12-08 00:00:00,88.83,∅ DE/LU neighbours,0.08882999999999999,23,2023-12-07,Thursday
2023-12-08 00:00:00,2023-12-08 01:00:00,88.59,∅ DE/LU neighbours,0.08859,0,2023-12-08,Friday
2023-12-08 01:00:00,2023-12-08 02:00:00,85.72,∅ DE/LU neighbours,0.08572,1,2023-12-08,Friday
2023-12-08 02:00:00,2023-12-08 03:00:00,83.98,∅ DE/LU neighbours,0.08398,2,2023-12-08,Friday
2023-12-08 03:00:00,2023-12-08 04:00:00,82.48,∅ DE/LU neighbours,0.08248,3,2023-12-08,Friday
2023-12-08 04:00:00,2023-12-08 05:00:00,82.56,∅ DE/LU neighbours,0.08256000000000001,4,2023-12-08,Friday
2023-12-08 05:00:00,2023-12-08 06:00:00,88.82,∅ DE/LU neighbours,0.08882,5,2023-12-08,Friday
2023-12-08 06:00:00,2023-12-08 07:00:00,103.51,∅ DE/LU neighbours,0.10351,6,2023-12-08,Friday
2023-12-08 07:00:00,2023-12-08 08:00:00,112.25,∅ DE/LU neighbours,0.11225,7,2023-12-08,Friday
2023-12-08 08:00:00,2023-12-08 09:00:00,116.54,∅ DE/LU neighbours,0.11654,8,2023-12-08,Friday
2023-12-08 09:00:00,2023-12-08 10:00:00,120.15,∅ DE/LU neighbours,0.12015,9,2023-12-08,Friday
2023-12-08 10:00:00,2023-12-08 11:00:00,119.37,∅ DE/LU neighbours,0.11937,10,2023-12-08,Friday
2023-12-08 11:00:00,2023-12-08 12:00:00,119.13,∅ DE/LU neighbours,0.11913,11,2023-12-08,Friday
2023-12-08 12:00:00,2023-12-08 13:00:00,118.1,∅ DE/LU neighbours,0.1181,12,2023-12-08,Friday
2023-12-08 13:00:00,2023-12-08 14:00:00,115.27,∅ DE/LU neighbours,0.11527,13,2023-12-08,Friday
2023-12-08 14:00:00,2023-12-08 15:00:00,115.42,∅ DE/LU neighbours,0.11542,14,2023-12-08,Friday
2023-12-08 15:00:00,2023-12-08 16:00:00,114.75,∅ DE/LU neighbours,0.11475,15,2023-12-08,Friday
2023-12-08 16:00:00,2023-12-08 17:00:00,114.64,∅ DE/LU neighbours,0.11464,16,2023-12-08,Friday
2023-12-08 17:00:00,2023-12-08 18:00:00,118.69,∅ DE/LU neighbours,0.11869,17,2023-12-08,Friday
2023-12-08 18:00:00,2023-12-08 19:00:00,117.86,∅ DE/LU neighbours,0.11785999999999999,18,2023-12-08,Friday
2023-12-08 19:00:00,2023-12-08 20:00:00,109.53,∅ DE/LU neighbours,0.10953,19,2023-12-08,Friday
2023-12-08 20:00:00,2023-12-08 21:00:00,104.6,∅ DE/LU neighbours,0.1046,20,2023-12-08,Friday
2023-12-08 21:00:00,2023-12-08 22:00:00,98.13,∅ DE/LU neighbours,0.09813,21,2023-12-08,Friday
2023-12-08 22:00:00,2023-12-08 23:00:00,96.09,∅ DE/LU neighbours,0.09609000000000001,22,2023-12-08,Friday
2023-12-08 23:00:00,2023-12-09 00:00:00,88.29,∅ DE/LU neighbours,0.08829000000000001,23,2023-12-08,Friday
